{"type":"FeatureCollection","features":[{"type":"Feature","geometry":{"type":"Point","coordinates":[-111.797279,40.447237]},"properties":{"id":12557429646,"direction":345,"operator":"Lone Peak Police Department"}},{"type":"Feature","geometry":{"type":"Point","coordinates":[-111.797287,40.447208]},"properties":{"id":12557429647,"direction":245,"operator":"Lone Peak Police Department"}},{"type":"Feature","geometry":{"type":"Point","coordinates":[-111.784236,40.440689]},"properties":{"id":12557429648,"direction":345,"operator":"Lone Peak Police Department"}},{"type":"Feature","geometry":{"type":"Point","coordinates":[-111.784422,40.441325]},"properties":{"id":12557429649,"direction":157,"operator":"Lone Peak Police Department"}},{"type":"Feature","geometry":{"type":"Point","coordinates":[-111.773402,40.43926]},"properties":{"id":12557429650,"direction":195,"operator":"Lone Peak Police Department"}},{"type":"Feature","geometry":{"type":"Point","coordinates":[-111.864051,39.709974]},"properties":{"id":12623472372,"direction":90,"operator":"Flock Safety"}},{"type":"Feature","geometry":{"type":"Point","coordinates":[-111.676932,40.233658]},"properties":{"id":12639805139,"direction":30,"operator":null}},{"type":"Feature","geometry":{"type":"Point","coordinates":[-111.81038,40.719827]},"properties":{"id":12643683585,"direction":300,"operator":null}},{"type":"Feature","geometry":{"type":"Point","coordinates":[-112.024697,40.697138]},"properties":{"id":12644459259,"direction":330,"operator":null}},{"type":"Feature","geometry":{"type":"Point","coordinates":[-111.934735,40.836024]},"properties":{"id":12646600775,"direction":350,"operator":null}},{"type":"Feature","geometry":{"type":"Point","coordinates":[-111.908407,40.861696]},"properties":{"id":12646600776,"direction":240,"operator":null}},{"type":"Feature","geometry":{"type":"Point","coordinates":[-111.938668,40.662194]},"properties":{"id":12648559438,"direction":325,"operator":null}},{"type":"Feature","geometry":{"type":"Point","coordinates":[-111.891023,40.593874]},"properties":{"id":12651077123,"direction":155,"operator":null}},{"type":"Feature","geometry":{"type":"Point","coordinates":[-112.029395,40.681948]},"properties":{"id":12657755283,"direction":55,"operator":null}},{"type":"Feature","geometry":{"type":"Point","coordinates":[-112.048644,40.566159]},"properties":{"id":12669081785,"direction":20,"operator":null}},{"type":"Feature","geometry":{"type":"Point","coordinates":[-112.061719,40.565922]},"properties":{"id":12669084807,"direction":70,"operator":null}},{"type":"Feature","geometry":{"type":"Point","coordinates":[-112.061918,40.573138]},"properties":{"id":12669088100,"direction":55,"operator":null}},{"type":"Feature","geometry":{"type":"Point","coordinates":[-113.081714,37.680958]},"properties":{"id":12680427740,"direction":240,"operator":null}},{"type":"Feature","geometry":{"type":"Point","coordinates":[-111.890146,40.627927]},"properties":{"id":12706093248,"direction":160,"operator":null}},{"type":"Feature","geometry":{"type":"Point","coordinates":[-111.954938,40.696841]},"properties":{"id":12706093249,"direction":240,"operator":null}},{"type":"Feature","geometry":{"type":"Point","coordinates":[-111.890674,40.596231]},"properties":{"id":12708605477,"direction":340,"operator":null}},{"type":"Feature","geometry":{"type":"Point","coordinates":[-111.998753,40.703787]},"properties":{"id":12709667847,"direction":75,"operator":null}},{"type":"Feature","geometry":{"type":"Point","coordinates":[-111.494906,40.646064]},"properties":{"id":12779115628,"direction":307,"operator":null}},{"type":"Feature","geometry":{"type":"Point","coordinates":[-111.497415,40.648275]},"properties":{"id":12779115629,"direction":139,"operator":null}},{"type":"Feature","geometry":{"type":"Point","coordinates":[-111.487629,40.668191]},"properties":{"id":12779115630,"direction":76,"operator":null}},{"type":"Feature","geometry":{"type":"Point","coordinates":[-111.492301,40.620611]},"properties":{"id":12779115824,"direction":265,"operator":null}},{"type":"Feature","geometry":{"type":"Point","coordinates":[-111.535793,40.682955]},"properties":{"id":12783977497,"direction":300,"operator":null}},{"type":"Feature","geometry":{"type":"Point","coordinates":[-111.531767,40.680745]},"properties":{"id":12783977498,"direction":114,"operator":null}},{"type":"Feature","geometry":{"type":"Point","coordinates":[-111.986202,40.610063]},"properties":{"id":12798481427,"direction":325,"operator":null}},{"type":"Feature","geometry":{"type":"Point","coordinates":[-111.979198,40.620093]},"properties":{"id":12798481428,"direction":215,"operator":null}},{"type":"Feature","geometry":{"type":"Point","coordinates":[-112.024925,40.677434]},"properties":{"id":12798481429,"direction":145,"operator":null}},{"type":"Feature","geometry":{"type":"Point","coordinates":[-111.975114,40.60934]},"properties":{"id":12798481430,"direction":50,"operator":null}},{"type":"Feature","geometry":{"type":"Point","coordinates":[-111.991875,40.637576]},"properties":{"id":12806553824,"direction":155,"operator":null}},{"type":"Feature","geometry":{"type":"Point","coordinates":[-111.942736,40.638713]},"properties":{"id":12849758304,"direction":230,"operator":null}},{"type":"Feature","geometry":{"type":"Point","coordinates":[-111.967971,40.72542]},"properties":{"id":12878472459,"direction":145,"operator":null}},{"type":"Feature","geometry":{"type":"Point","coordinates":[-111.635517,40.13457]},"properties":{"id":12884440033,"direction":295,"operator":"Spanish Fork Police Department"}},{"type":"Feature","geometry":{"type":"Point","coordinates":[-111.766859,40.351236]},"properties":{"id":12908024634,"direction":10,"operator":null}},{"type":"Feature","geometry":{"type":"Point","coordinates":[-111.773161,40.408326]},"properties":{"id":12908024635,"direction":330,"operator":null}},{"type":"Feature","geometry":{"type":"Point","coordinates":[-111.752661,40.432178]},"properties":{"id":12908024636,"direction":220,"operator":null}},{"type":"Feature","geometry":{"type":"Point","coordinates":[-111.740543,40.355046]},"properties":{"id":12908024637,"direction":330,"operator":null}},{"type":"Feature","geometry":{"type":"Point","coordinates":[-111.74086,40.35188]},"properties":{"id":12908024638,"direction":150,"operator":null}},{"type":"Feature","geometry":{"type":"Point","coordinates":[-111.741395,40.350874]},"properties":{"id":12908024639,"direction":240,"operator":null}},{"type":"Feature","geometry":{"type":"Point","coordinates":[-111.737349,40.327486]},"properties":{"id":12908024640,"direction":300,"operator":null}},{"type":"Feature","geometry":{"type":"Point","coordinates":[-111.898103,40.700031]},"properties":{"id":12915979480,"direction":230,"operator":null}},{"type":"Feature","geometry":{"type":"Point","coordinates":[-111.894426,40.760799]},"properties":{"id":12915979481,"direction":230,"operator":null}},{"type":"Feature","geometry":{"type":"Point","coordinates":[-111.662355,40.230807]},"properties":{"id":12978247650,"direction":145,"operator":null}},{"type":"Feature","geometry":{"type":"Point","coordinates":[-111.668243,40.233914]},"properties":{"id":12978247652,"direction":230,"operator":null}},{"type":"Feature","geometry":{"type":"Point","coordinates":[-113.084782,37.649473]},"properties":{"id":12995945536,"direction":20,"operator":"Cedar City Police Department"}},{"type":"Feature","geometry":{"type":"Point","coordinates":[-113.050549,37.726493]},"properties":{"id":12999874462,"direction":120,"operator":"Cedar City Police Department"}},{"type":"Feature","geometry":{"type":"Point","coordinates":[-113.076091,37.694623]},"properties":{"id":12999874464,"direction":80,"operator":"Cedar City Police Department"}},{"type":"Feature","geometry":{"type":"Point","coordinates":[-113.04899,37.732432]},"properties":{"id":12999874465,"direction":180,"operator":"Cedar City Police Department"}},{"type":"Feature","geometry":{"type":"Point","coordinates":[-112.034948,41.269648]},"properties":{"id":13003363612,"direction":275,"operator":null}},{"type":"Feature","geometry":{"type":"Point","coordinates":[-111.90609,40.76075]},"properties":{"id":13003385309,"direction":260,"operator":null}},{"type":"Feature","geometry":{"type":"Point","coordinates":[-111.950812,41.044642]},"properties":{"id":13004698339,"direction":176,"operator":null}},{"type":"Feature","geometry":{"type":"Point","coordinates":[-111.951373,41.038295]},"properties":{"id":13007768363,"direction":260,"operator":null}},{"type":"Feature","geometry":{"type":"Point","coordinates":[-112.521202,40.63843]},"properties":{"id":13039714179,"direction":90,"operator":null}},{"type":"Feature","geometry":{"type":"Point","coordinates":[-112.362709,40.45176]},"properties":{"id":13039743622,"direction":185,"operator":null}},{"type":"Feature","geometry":{"type":"Point","coordinates":[-112.362779,40.451253]},"properties":{"id":13039770641,"direction":0,"operator":null}},{"type":"Feature","geometry":{"type":"Point","coordinates":[-112.294973,40.574496]},"properties":{"id":13040288955,"direction":175,"operator":null}},{"type":"Feature","geometry":{"type":"Point","coordinates":[-112.422087,40.599678]},"properties":{"id":13040382847,"direction":250,"operator":null}},{"type":"Feature","geometry":{"type":"Point","coordinates":[-112.337823,40.542823]},"properties":{"id":13040396756,"direction":109,"operator":null}},{"type":"Feature","geometry":{"type":"Point","coordinates":[-112.425774,40.59231]},"properties":{"id":13040403532,"direction":235,"operator":null}},{"type":"Feature","geometry":{"type":"Point","coordinates":[-112.482752,40.6023]},"properties":{"id":13040409463,"direction":45,"operator":null}},{"type":"Feature","geometry":{"type":"Point","coordinates":[-112.321489,40.503325]},"properties":{"id":13040432643,"direction":10,"operator":null}},{"type":"Feature","geometry":{"type":"Point","coordinates":[-112.477841,40.587805]},"properties":{"id":13040432763,"direction":5,"operator":null}},{"type":"Feature","geometry":{"type":"Point","coordinates":[-111.997431,41.236684]},"properties":{"id":13052420952,"direction":275,"operator":null}},{"type":"Feature","geometry":{"type":"Point","coordinates":[-113.056388,37.731432]},"properties":{"id":13070053710,"direction":255,"operator":null}},{"type":"Feature","geometry":{"type":"Point","coordinates":[-111.686563,40.061677]},"properties":{"id":13097436631,"direction":70,"operator":null}},{"type":"Feature","geometry":{"type":"Point","coordinates":[-111.658578,40.080845]},"properties":{"id":13097601374,"direction":355,"operator":null}},{"type":"Feature","geometry":{"type":"Point","coordinates":[-111.664512,40.206961]},"properties":{"id":13097610238,"direction":300,"operator":null}},{"type":"Feature","geometry":{"type":"Point","coordinates":[-111.836208,39.732456]},"properties":{"id":13099215862,"direction":160,"operator":null}},{"type":"Feature","geometry":{"type":"Point","coordinates":[-111.85128,40.624946]},"properties":{"id":13104565312,"direction":180,"operator":null}},{"type":"Feature","geometry":{"type":"Point","coordinates":[-113.061582,37.677511]},"properties":{"id":13109855970,"direction":220,"operator":null}},{"type":"Feature","geometry":{"type":"Point","coordinates":[-113.061921,37.677253]},"properties":{"id":13109878227,"direction":155,"operator":null}},{"type":"Feature","geometry":{"type":"Point","coordinates":[-113.07928,37.654221]},"properties":{"id":13109890690,"direction":25,"operator":null}},{"type":"Feature","geometry":{"type":"Point","coordinates":[-111.89093,40.948554]},"properties":{"id":13125698121,"direction":320,"operator":null}},{"type":"Feature","geometry":{"type":"Point","coordinates":[-111.891265,40.948554]},"properties":{"id":13125698122,"direction":35,"operator":null}},{"type":"Feature","geometry":{"type":"Point","coordinates":[-111.872402,40.592537]},"properties":{"id":13125715560,"direction":150,"operator":null}},{"type":"Feature","geometry":{"type":"Point","coordinates":[-111.364348,40.507871]},"properties":{"id":13126283560,"direction":240,"operator":null}},{"type":"Feature","geometry":{"type":"Point","coordinates":[-111.712735,40.216885]},"properties":{"id":13134763536,"direction":215,"operator":null}},{"type":"Feature","geometry":{"type":"Point","coordinates":[-111.688564,40.233973]},"properties":{"id":13134820018,"direction":240,"operator":null}},{"type":"Feature","geometry":{"type":"Point","coordinates":[-111.894195,40.750229]},"properties":{"id":13138314328,"direction":155,"operator":null}},{"type":"Feature","geometry":{"type":"Point","coordinates":[-111.761862,40.359913]},"properties":{"id":13144764129,"direction":190,"operator":null}},{"type":"Feature","geometry":{"type":"Point","coordinates":[-111.742676,40.359704]},"properties":{"id":13144773982,"direction":242,"operator":null}},{"type":"Feature","geometry":{"type":"Point","coordinates":[-111.731096,40.351118]},"properties":{"id":13144780271,"direction":95,"operator":null}},{"type":"Feature","geometry":{"type":"Point","coordinates":[-111.749754,40.371219]},"properties":{"id":13144796002,"direction":155,"operator":null}},{"type":"Feature","geometry":{"type":"Point","coordinates":[-111.749524,40.368626]},"properties":{"id":13144796003,"direction":325,"operator":null}},{"type":"Feature","geometry":{"type":"Point","coordinates":[-111.739972,40.380264]},"properties":{"id":13144797181,"direction":140,"operator":null}},{"type":"Feature","geometry":{"type":"Point","coordinates":[-111.672307,40.266637]},"properties":{"id":13144995445,"direction":125,"operator":null}},{"type":"Feature","geometry":{"type":"Point","coordinates":[-111.672767,40.272131]},"properties":{"id":13144995446,"direction":290,"operator":null}},{"type":"Feature","geometry":{"type":"Point","coordinates":[-111.689179,40.283306]},"properties":{"id":13145014017,"direction":125,"operator":null}},{"type":"Feature","geometry":{"type":"Point","coordinates":[-111.660407,40.250684]},"properties":{"id":13145065065,"direction":245,"operator":null}},{"type":"Feature","geometry":{"type":"Point","coordinates":[-111.643287,40.239125]},"properties":{"id":13145068396,"direction":155,"operator":null}},{"type":"Feature","geometry":{"type":"Point","coordinates":[-111.64299,40.24561]},"properties":{"id":13145068397,"direction":330,"operator":null}},{"type":"Feature","geometry":{"type":"Point","coordinates":[-111.667324,40.23575]},"properties":{"id":13145080456,"direction":325,"operator":null}},{"type":"Feature","geometry":{"type":"Point","coordinates":[-111.650861,40.22977]},"properties":{"id":13162963652,"direction":260,"operator":"Provo PD"}},{"type":"Feature","geometry":{"type":"Point","coordinates":[-111.989515,41.25956]},"properties":{"id":13201856339,"direction":240,"operator":null}},{"type":"Feature","geometry":{"type":"Point","coordinates":[-110.705323,38.374281]},"properties":{"id":13202610558,"direction":55,"operator":null}},{"type":"Feature","geometry":{"type":"Point","coordinates":[-111.811502,40.43167]},"properties":{"id":13204142808,"direction":50,"operator":null}},{"type":"Feature","geometry":{"type":"Point","coordinates":[-111.376968,38.241148]},"properties":{"id":13234931702,"direction":300,"operator":null}},{"type":"Feature","geometry":{"type":"Point","coordinates":[-111.636673,38.397158]},"properties":{"id":13234949757,"direction":260,"operator":null}},{"type":"Feature","geometry":{"type":"Point","coordinates":[-111.538604,38.337332]},"properties":{"id":13234955618,"direction":320,"operator":null}},{"type":"Feature","geometry":{"type":"Point","coordinates":[-111.642945,38.395535]},"properties":{"id":13234964126,"direction":180,"operator":null}},{"type":"Feature","geometry":{"type":"Point","coordinates":[-111.478396,38.302388]},"properties":{"id":13234964228,"direction":175,"operator":null}},{"type":"Feature","geometry":{"type":"Point","coordinates":[-111.817364,38.448833]},"properties":{"id":13234964824,"direction":95,"operator":null}},{"type":"Feature","geometry":{"type":"Point","coordinates":[-111.556758,38.34466]},"properties":{"id":13234970964,"direction":95,"operator":null}},{"type":"Feature","geometry":{"type":"Point","coordinates":[-113.607293,37.028905]},"properties":{"id":13235602038,"direction":268,"operator":null}},{"type":"Feature","geometry":{"type":"Point","coordinates":[-111.994535,41.247959]},"properties":{"id":13236644066,"direction":15,"operator":null}},{"type":"Feature","geometry":{"type":"Point","coordinates":[-111.990408,41.244912]},"properties":{"id":13236679760,"direction":180,"operator":null}},{"type":"Feature","geometry":{"type":"Point","coordinates":[-111.994696,41.248452]},"properties":{"id":13236690139,"direction":155,"operator":null}},{"type":"Feature","geometry":{"type":"Point","coordinates":[-111.989585,41.259329]},"properties":{"id":13236707614,"direction":75,"operator":null}},{"type":"Feature","geometry":{"type":"Point","coordinates":[-113.06301,37.695277]},"properties":{"id":13238476594,"direction":230,"operator":null}},{"type":"Feature","geometry":{"type":"Point","coordinates":[-113.061654,37.681056]},"properties":{"id":13238480239,"direction":330,"operator":null}},{"type":"Feature","geometry":{"type":"Point","coordinates":[-113.078797,37.680683]},"properties":{"id":13238485444,"direction":50,"operator":null}},{"type":"Feature","geometry":{"type":"Point","coordinates":[-113.064471,37.665933]},"properties":{"id":13238492326,"direction":280,"operator":null}},{"type":"Feature","geometry":{"type":"Point","coordinates":[-113.083628,37.655008]},"properties":{"id":13238495136,"direction":265,"operator":null}},{"type":"Feature","geometry":{"type":"Point","coordinates":[-112.059048,41.305109]},"properties":{"id":13272737165,"direction":215,"operator":null}},{"type":"Feature","geometry":{"type":"Point","coordinates":[-111.930082,40.863015]},"properties":{"id":13273657316,"direction":160,"operator":null}},{"type":"Feature","geometry":{"type":"Point","coordinates":[-111.969773,41.243065]},"properties":{"id":13278651253,"direction":345,"operator":null}},{"type":"Feature","geometry":{"type":"Point","coordinates":[-111.952805,41.24208]},"properties":{"id":13278676848,"direction":330,"operator":null}},{"type":"Feature","geometry":{"type":"Point","coordinates":[-112.007487,41.267284]},"properties":{"id":13278715889,"direction":230,"operator":null}},{"type":"Feature","geometry":{"type":"Point","coordinates":[-111.751485,40.432208]},"properties":{"id":13286288665,"direction":300,"operator":null}},{"type":"Feature","geometry":{"type":"Point","coordinates":[-112.00525,40.576273]},"properties":{"id":13290099717,"direction":165,"operator":null}},{"type":"Feature","geometry":{"type":"Point","coordinates":[-111.958156,41.21016]},"properties":{"id":13293447548,"direction":220,"operator":null}},{"type":"Feature","geometry":{"type":"Point","coordinates":[-112.037111,41.335183]},"properties":{"id":13297069501,"direction":124,"operator":null}},{"type":"Feature","geometry":{"type":"Point","coordinates":[-110.70262,38.369453]},"properties":{"id":13298427539,"direction":310,"operator":null}},{"type":"Feature","geometry":{"type":"Point","coordinates":[-111.972519,40.71117]},"properties":{"id":13302289801,"direction":96,"operator":null}},{"type":"Feature","geometry":{"type":"Point","coordinates":[-111.898915,40.921395]},"properties":{"id":13305356311,"direction":30,"operator":null}},{"type":"Feature","geometry":{"type":"Point","coordinates":[-111.897022,40.921059]},"properties":{"id":13305401032,"direction":130,"operator":null}},{"type":"Feature","geometry":{"type":"Point","coordinates":[-111.896756,40.921698]},"properties":{"id":13305401033,"direction":320,"operator":null}},{"type":"Feature","geometry":{"type":"Point","coordinates":[-112.064155,41.215624]},"properties":{"id":13305543101,"direction":165,"operator":null}},{"type":"Feature","geometry":{"type":"Point","coordinates":[-111.97287,41.243966]},"properties":{"id":13305545901,"direction":165,"operator":null}},{"type":"Feature","geometry":{"type":"Point","coordinates":[-111.999616,41.273699]},"properties":{"id":13305545902,"direction":350,"operator":null}},{"type":"Feature","geometry":{"type":"Point","coordinates":[-111.975433,41.24447]},"properties":{"id":13305546701,"direction":259,"operator":null}},{"type":"Feature","geometry":{"type":"Point","coordinates":[-112.008538,41.267053]},"properties":{"id":13305549901,"direction":63,"operator":null}},{"type":"Feature","geometry":{"type":"Point","coordinates":[-111.96043,41.197766]},"properties":{"id":13305554001,"direction":244,"operator":null}},{"type":"Feature","geometry":{"type":"Point","coordinates":[-111.96043,41.197766]},"properties":{"id":13305554201,"direction":244,"operator":null}},{"type":"Feature","geometry":{"type":"Point","coordinates":[-111.959113,41.233549]},"properties":{"id":13305556301,"direction":169,"operator":null}},{"type":"Feature","geometry":{"type":"Point","coordinates":[-111.959241,41.227156]},"properties":{"id":13305557001,"direction":162,"operator":null}},{"type":"Feature","geometry":{"type":"Point","coordinates":[-111.978861,41.212702]},"properties":{"id":13305557002,"direction":333,"operator":null}},{"type":"Feature","geometry":{"type":"Point","coordinates":[-111.957206,41.230854]},"properties":{"id":13305558201,"direction":68,"operator":null}},{"type":"Feature","geometry":{"type":"Point","coordinates":[-111.94878,41.285353]},"properties":{"id":13305576902,"direction":340,"operator":null}},{"type":"Feature","geometry":{"type":"Point","coordinates":[-112.008624,41.27565]},"properties":{"id":13305577402,"direction":182,"operator":null}},{"type":"Feature","geometry":{"type":"Point","coordinates":[-111.970277,41.239202]},"properties":{"id":13305578201,"direction":161,"operator":null}},{"type":"Feature","geometry":{"type":"Point","coordinates":[-111.949104,41.284882]},"properties":{"id":13305582301,"direction":157,"operator":null}},{"type":"Feature","geometry":{"type":"Point","coordinates":[-112.03206,41.290881]},"properties":{"id":13305586201,"direction":283,"operator":null}},{"type":"Feature","geometry":{"type":"Point","coordinates":[-112.045492,41.292383]},"properties":{"id":13305586901,"direction":245,"operator":null}},{"type":"Feature","geometry":{"type":"Point","coordinates":[-112.078668,41.285195]},"properties":{"id":13305587501,"direction":247,"operator":null}},{"type":"Feature","geometry":{"type":"Point","coordinates":[-111.934318,41.317534]},"properties":{"id":13305687601,"direction":276,"operator":null}},{"type":"Feature","geometry":{"type":"Point","coordinates":[-111.934333,41.317315]},"properties":{"id":13305688101,"direction":80,"operator":null}},{"type":"Feature","geometry":{"type":"Point","coordinates":[-111.973494,41.220808]},"properties":{"id":13306857801,"direction":245,"operator":null}},{"type":"Feature","geometry":{"type":"Point","coordinates":[-111.975902,41.220638]},"properties":{"id":13306858101,"direction":64,"operator":null}},{"type":"Feature","geometry":{"type":"Point","coordinates":[-111.975265,41.222935]},"properties":{"id":13306859201,"direction":250,"operator":null}},{"type":"Feature","geometry":{"type":"Point","coordinates":[-111.959123,41.22276]},"properties":{"id":13306859202,"direction":341,"operator":null}},{"type":"Feature","geometry":{"type":"Point","coordinates":[-111.505143,40.028973]},"properties":{"id":13309093102,"direction":228,"operator":null}},{"type":"Feature","geometry":{"type":"Point","coordinates":[-111.978385,41.229044]},"properties":{"id":13309431001,"direction":56,"operator":null}},{"type":"Feature","geometry":{"type":"Point","coordinates":[-111.890926,40.545449]},"properties":{"id":13309573802,"direction":345,"operator":null}},{"type":"Feature","geometry":{"type":"Point","coordinates":[-111.872057,40.554232]},"properties":{"id":13309834801,"direction":335,"operator":null}},{"type":"Feature","geometry":{"type":"Point","coordinates":[-111.975955,41.233154]},"properties":{"id":13309874901,"direction":159,"operator":null}},{"type":"Feature","geometry":{"type":"Point","coordinates":[-111.968623,41.231192]},"properties":{"id":13309875001,"direction":246,"operator":null}},{"type":"Feature","geometry":{"type":"Point","coordinates":[-111.978385,41.229044]},"properties":{"id":13311276601,"direction":56,"operator":null}},{"type":"Feature","geometry":{"type":"Point","coordinates":[-111.978385,41.229044]},"properties":{"id":13311276701,"direction":56,"operator":null}},{"type":"Feature","geometry":{"type":"Point","coordinates":[-111.967905,41.218616]},"properties":{"id":13311324401,"direction":245,"operator":null}},{"type":"Feature","geometry":{"type":"Point","coordinates":[-111.967905,41.218616]},"properties":{"id":13311324501,"direction":245,"operator":null}},{"type":"Feature","geometry":{"type":"Point","coordinates":[-112.006239,41.229853]},"properties":{"id":13311341812,"direction":340,"operator":null}},{"type":"Feature","geometry":{"type":"Point","coordinates":[-111.964727,41.103194]},"properties":{"id":13311348601,"direction":171,"operator":null}},{"type":"Feature","geometry":{"type":"Point","coordinates":[-111.896274,40.558795]},"properties":{"id":13311376302,"direction":50,"operator":null}},{"type":"Feature","geometry":{"type":"Point","coordinates":[-111.621773,40.202014]},"properties":{"id":13312247901,"direction":281,"operator":null}},{"type":"Feature","geometry":{"type":"Point","coordinates":[-111.65817,40.25568]},"properties":{"id":13312908401,"direction":61,"operator":null}},{"type":"Feature","geometry":{"type":"Point","coordinates":[-111.645226,40.25676]},"properties":{"id":13312912701,"direction":238,"operator":null}},{"type":"Feature","geometry":{"type":"Point","coordinates":[-112.064027,41.305277]},"properties":{"id":13316805802,"direction":233,"operator":null}},{"type":"Feature","geometry":{"type":"Point","coordinates":[-112.025772,41.22802]},"properties":{"id":13317086001,"direction":168,"operator":null}},{"type":"Feature","geometry":{"type":"Point","coordinates":[-112.028079,41.273943]},"properties":{"id":13317102101,"direction":349,"operator":null}},{"type":"Feature","geometry":{"type":"Point","coordinates":[-112.081168,41.304784]},"properties":{"id":13317474401,"direction":256,"operator":null}},{"type":"Feature","geometry":{"type":"Point","coordinates":[-112.026558,41.306875]},"properties":{"id":13317503101,"direction":226,"operator":null}},{"type":"Feature","geometry":{"type":"Point","coordinates":[-111.977496,41.208111]},"properties":{"id":13317722101,"direction":59,"operator":null}},{"type":"Feature","geometry":{"type":"Point","coordinates":[-111.977496,41.208111]},"properties":{"id":13317727502,"direction":59,"operator":null}},{"type":"Feature","geometry":{"type":"Point","coordinates":[-111.977496,41.208111]},"properties":{"id":13317745303,"direction":59,"operator":null}},{"type":"Feature","geometry":{"type":"Point","coordinates":[-111.977496,41.208111]},"properties":{"id":13317750201,"direction":59,"operator":null}},{"type":"Feature","geometry":{"type":"Point","coordinates":[-111.967835,41.208283]},"properties":{"id":13317751002,"direction":354,"operator":null}},{"type":"Feature","geometry":{"type":"Point","coordinates":[-112.00752,41.267353]},"properties":{"id":13317751003,"direction":246,"operator":null}},{"type":"Feature","geometry":{"type":"Point","coordinates":[-112.009412,41.250318]},"properties":{"id":13317752901,"direction":341,"operator":null}},{"type":"Feature","geometry":{"type":"Point","coordinates":[-111.973516,41.21535]},"properties":{"id":13318134802,"direction":148,"operator":null}},{"type":"Feature","geometry":{"type":"Point","coordinates":[-111.970854,41.212169]},"properties":{"id":13320022201,"direction":150,"operator":null}},{"type":"Feature","geometry":{"type":"Point","coordinates":[-111.404963,40.484768]},"properties":{"id":13320089901,"direction":308,"operator":null}},{"type":"Feature","geometry":{"type":"Point","coordinates":[-111.768001,40.369742]},"properties":{"id":13320195608,"direction":80,"operator":null}},{"type":"Feature","geometry":{"type":"Point","coordinates":[-111.747624,40.371732]},"properties":{"id":13320207325,"direction":60,"operator":null}},{"type":"Feature","geometry":{"type":"Point","coordinates":[-111.427051,40.506793]},"properties":{"id":13322895801,"direction":49,"operator":null}},{"type":"Feature","geometry":{"type":"Point","coordinates":[-111.413449,40.514175]},"properties":{"id":13322908601,"direction":148,"operator":null}},{"type":"Feature","geometry":{"type":"Point","coordinates":[-111.413671,40.505955]},"properties":{"id":13322915401,"direction":143,"operator":null}},{"type":"Feature","geometry":{"type":"Point","coordinates":[-111.413095,40.492959]},"properties":{"id":13322921301,"direction":309,"operator":null}},{"type":"Feature","geometry":{"type":"Point","coordinates":[-112.006461,41.229312]},"properties":{"id":13323167401,"direction":152,"operator":null}},{"type":"Feature","geometry":{"type":"Point","coordinates":[-111.969049,41.103146]},"properties":{"id":13323248001,"direction":160,"operator":null}},{"type":"Feature","geometry":{"type":"Point","coordinates":[-111.972848,41.100227]},"properties":{"id":13323248301,"direction":60,"operator":null}},{"type":"Feature","geometry":{"type":"Point","coordinates":[-112.4579,40.621772]},"properties":{"id":13324410901,"direction":156,"operator":null}},{"type":"Feature","geometry":{"type":"Point","coordinates":[-111.915474,40.82925]},"properties":{"id":13324679901,"direction":0,"operator":null}},{"type":"Feature","geometry":{"type":"Point","coordinates":[-111.914352,40.833851]},"properties":{"id":13324733502,"direction":163,"operator":null}},{"type":"Feature","geometry":{"type":"Point","coordinates":[-111.892964,40.548309]},"properties":{"id":13325097201,"direction":224,"operator":null}},{"type":"Feature","geometry":{"type":"Point","coordinates":[-111.908134,40.846219]},"properties":{"id":13326697101,"direction":166,"operator":null}},{"type":"Feature","geometry":{"type":"Point","coordinates":[-111.657833,40.313334]},"properties":{"id":13326942202,"direction":244,"operator":null}},{"type":"Feature","geometry":{"type":"Point","coordinates":[-111.978353,41.305894]},"properties":{"id":13332396101,"direction":251,"operator":null}},{"type":"Feature","geometry":{"type":"Point","coordinates":[-111.9798,41.305446]},"properties":{"id":13332399501,"direction":72,"operator":null}},{"type":"Feature","geometry":{"type":"Point","coordinates":[-112.028425,41.251886]},"properties":{"id":13334604301,"direction":250,"operator":null}},{"type":"Feature","geometry":{"type":"Point","coordinates":[-111.860421,40.621278]},"properties":{"id":13334720701,"direction":81,"operator":null}},{"type":"Feature","geometry":{"type":"Point","coordinates":[-111.861595,40.621469]},"properties":{"id":13334723501,"direction":136,"operator":null}},{"type":"Feature","geometry":{"type":"Point","coordinates":[-111.861212,40.620696]},"properties":{"id":13334723901,"direction":321,"operator":null}},{"type":"Feature","geometry":{"type":"Point","coordinates":[-111.981686,40.561952]},"properties":{"id":13334763702,"direction":228,"operator":null}},{"type":"Feature","geometry":{"type":"Point","coordinates":[-112.093247,41.201608]},"properties":{"id":13339390040,"direction":170,"operator":null}},{"type":"Feature","geometry":{"type":"Point","coordinates":[-112.073037,41.190894]},"properties":{"id":13339412011,"direction":240,"operator":null}},{"type":"Feature","geometry":{"type":"Point","coordinates":[-112.026156,41.219788]},"properties":{"id":13339435094,"direction":245,"operator":null}},{"type":"Feature","geometry":{"type":"Point","coordinates":[-111.970501,41.214663]},"properties":{"id":13345313801,"direction":328,"operator":null}},{"type":"Feature","geometry":{"type":"Point","coordinates":[-111.967886,41.214225]},"properties":{"id":13345314601,"direction":57,"operator":null}},{"type":"Feature","geometry":{"type":"Point","coordinates":[-111.865391,40.672964]},"properties":{"id":13346607002,"direction":316,"operator":null}},{"type":"Feature","geometry":{"type":"Point","coordinates":[-111.865586,40.697617]},"properties":{"id":13346616301,"direction":139,"operator":null}},{"type":"Feature","geometry":{"type":"Point","coordinates":[-111.838073,39.684]},"properties":{"id":13346623201,"direction":338,"operator":null}},{"type":"Feature","geometry":{"type":"Point","coordinates":[-112.289105,40.6532]},"properties":{"id":13347660101,"direction":296,"operator":null}},{"type":"Feature","geometry":{"type":"Point","coordinates":[-112.289098,40.653263]},"properties":{"id":13347661301,"direction":195,"operator":null}},{"type":"Feature","geometry":{"type":"Point","coordinates":[-111.716074,40.275194]},"properties":{"id":13348671401,"direction":76,"operator":null}},{"type":"Feature","geometry":{"type":"Point","coordinates":[-111.713761,40.274611]},"properties":{"id":13348673001,"direction":122,"operator":null}},{"type":"Feature","geometry":{"type":"Point","coordinates":[-111.906539,40.796919]},"properties":{"id":13349088001,"direction":311,"operator":null}},{"type":"Feature","geometry":{"type":"Point","coordinates":[-111.917695,40.805731]},"properties":{"id":13349088101,"direction":122,"operator":null}},{"type":"Feature","geometry":{"type":"Point","coordinates":[-111.703066,40.312133]},"properties":{"id":13352005001,"direction":258,"operator":null}},{"type":"Feature","geometry":{"type":"Point","coordinates":[-111.893549,40.677888]},"properties":{"id":13356250701,"direction":160,"operator":null}},{"type":"Feature","geometry":{"type":"Point","coordinates":[-111.893115,40.677886]},"properties":{"id":13356251001,"direction":158,"operator":null}},{"type":"Feature","geometry":{"type":"Point","coordinates":[-111.96928,41.286853]},"properties":{"id":13356509702,"direction":158,"operator":null}},{"type":"Feature","geometry":{"type":"Point","coordinates":[-111.723912,40.297081]},"properties":{"id":13356863001,"direction":57,"operator":null}},{"type":"Feature","geometry":{"type":"Point","coordinates":[-111.739456,40.326066]},"properties":{"id":13360393092,"direction":70,"operator":null}},{"type":"Feature","geometry":{"type":"Point","coordinates":[-112.024575,40.553754]},"properties":{"id":13363740201,"direction":2,"operator":null}},{"type":"Feature","geometry":{"type":"Point","coordinates":[-113.629226,37.124136]},"properties":{"id":13363802501,"direction":81,"operator":null}},{"type":"Feature","geometry":{"type":"Point","coordinates":[-113.584728,37.062044]},"properties":{"id":13363945702,"direction":140,"operator":null}},{"type":"Feature","geometry":{"type":"Point","coordinates":[-111.676009,40.260002]},"properties":{"id":13364056601,"direction":121,"operator":null}},{"type":"Feature","geometry":{"type":"Point","coordinates":[-111.700512,40.311783]},"properties":{"id":13364396101,"direction":66,"operator":null}},{"type":"Feature","geometry":{"type":"Point","coordinates":[-112.040231,41.197869]},"properties":{"id":13368266829,"direction":270,"operator":null}},{"type":"Feature","geometry":{"type":"Point","coordinates":[-112.030114,41.204687]},"properties":{"id":13368286378,"direction":200,"operator":null}},{"type":"Feature","geometry":{"type":"Point","coordinates":[-113.641465,37.141595]},"properties":{"id":13368503001,"direction":52,"operator":null}},{"type":"Feature","geometry":{"type":"Point","coordinates":[-113.15593,37.684895]},"properties":{"id":13370519301,"direction":77,"operator":null}},{"type":"Feature","geometry":{"type":"Point","coordinates":[-113.106586,37.684315]},"properties":{"id":13370523501,"direction":144,"operator":null}},{"type":"Feature","geometry":{"type":"Point","coordinates":[-111.859829,40.699952]},"properties":{"id":13372713101,"direction":244,"operator":null}},{"type":"Feature","geometry":{"type":"Point","coordinates":[-112.060527,41.19054]},"properties":{"id":13372995901,"direction":50,"operator":null}},{"type":"Feature","geometry":{"type":"Point","coordinates":[-112.112793,41.164979]},"properties":{"id":13380394801,"direction":338,"operator":null}},{"type":"Feature","geometry":{"type":"Point","coordinates":[-111.900581,40.725701]},"properties":{"id":13391153501,"direction":314,"operator":"The Home Depot"}},{"type":"Feature","geometry":{"type":"Point","coordinates":[-111.662167,40.231476]},"properties":{"id":13396123201,"direction":324,"operator":null}},{"type":"Feature","geometry":{"type":"Point","coordinates":[-111.658767,40.215992]},"properties":{"id":13396167801,"direction":326,"operator":null}},{"type":"Feature","geometry":{"type":"Point","coordinates":[-111.658763,40.216454]},"properties":{"id":13396169701,"direction":325,"operator":null}},{"type":"Feature","geometry":{"type":"Point","coordinates":[-109.063036,40.279448]},"properties":{"id":13397589701,"direction":247,"operator":null}},{"type":"Feature","geometry":{"type":"Point","coordinates":[-111.687289,40.049262]},"properties":{"id":13401839901,"direction":61,"operator":null}},{"type":"Feature","geometry":{"type":"Point","coordinates":[-111.657242,40.244289]},"properties":{"id":13414653201,"direction":63,"operator":null}},{"type":"Feature","geometry":{"type":"Point","coordinates":[-113.521637,37.126421]},"properties":{"id":13415820201,"direction":70,"operator":"The Home Depot"}},{"type":"Feature","geometry":{"type":"Point","coordinates":[-113.521646,37.127018]},"properties":{"id":13415822501,"direction":24,"operator":"The Home Depot"}},{"type":"Feature","geometry":{"type":"Point","coordinates":[-111.81811,39.710526]},"properties":{"id":13416829601,"direction":214,"operator":null}},{"type":"Feature","geometry":{"type":"Point","coordinates":[-113.521819,37.12745]},"properties":{"id":13418718801,"direction":153,"operator":null}},{"type":"Feature","geometry":{"type":"Point","coordinates":[-113.520307,37.127639]},"properties":{"id":13418724201,"direction":61,"operator":null}},{"type":"Feature","geometry":{"type":"Point","coordinates":[-113.520314,37.127658]},"properties":{"id":13418724301,"direction":171,"operator":null}},{"type":"Feature","geometry":{"type":"Point","coordinates":[-111.939018,40.652603]},"properties":{"id":13429473002,"direction":148,"operator":null}},{"type":"Feature","geometry":{"type":"Point","coordinates":[-111.907205,40.667203]},"properties":{"id":13429473501,"direction":93,"operator":null}},{"type":"Feature","geometry":{"type":"Point","coordinates":[-111.871436,40.720103]},"properties":{"id":13429477401,"direction":157,"operator":null}},{"type":"Feature","geometry":{"type":"Point","coordinates":[-111.684894,40.2747]},"properties":{"id":13429772001,"direction":311,"operator":null}},{"type":"Feature","geometry":{"type":"Point","coordinates":[-111.899833,40.726726]},"properties":{"id":13431257802,"direction":237,"operator":"The Home Depot"}},{"type":"Feature","geometry":{"type":"Point","coordinates":[-111.936231,40.733195]},"properties":{"id":13435237001,"direction":248,"operator":null}},{"type":"Feature","geometry":{"type":"Point","coordinates":[-113.086222,37.651116]},"properties":{"id":13435993002,"direction":248,"operator":null}},{"type":"Feature","geometry":{"type":"Point","coordinates":[-113.061995,37.680756]},"properties":{"id":13436050601,"direction":129,"operator":null}},{"type":"Feature","geometry":{"type":"Point","coordinates":[-113.061635,37.68106]},"properties":{"id":13436054401,"direction":316,"operator":null}},{"type":"Feature","geometry":{"type":"Point","coordinates":[-111.871454,40.711759]},"properties":{"id":13436686801,"direction":168,"operator":null}},{"type":"Feature","geometry":{"type":"Point","coordinates":[-111.629541,40.224866]},"properties":{"id":13440282359,"direction":90,"operator":null}},{"type":"Feature","geometry":{"type":"Point","coordinates":[-111.821862,40.384664]},"properties":{"id":13443106002,"direction":226,"operator":null}},{"type":"Feature","geometry":{"type":"Point","coordinates":[-111.822838,40.386023]},"properties":{"id":13443107401,"direction":212,"operator":null}},{"type":"Feature","geometry":{"type":"Point","coordinates":[-111.822038,40.385944]},"properties":{"id":13443114801,"direction":74,"operator":null}},{"type":"Feature","geometry":{"type":"Point","coordinates":[-111.73014,40.327442]},"properties":{"id":13443809201,"direction":56,"operator":"The Home Depot"}},{"type":"Feature","geometry":{"type":"Point","coordinates":[-111.730738,40.329181]},"properties":{"id":13443810401,"direction":181,"operator":"The Home Depot"}},{"type":"Feature","geometry":{"type":"Point","coordinates":[-111.730922,40.32835]},"properties":{"id":13443810901,"direction":61,"operator":"The Home Depot"}},{"type":"Feature","geometry":{"type":"Point","coordinates":[-111.729285,40.327426]},"properties":{"id":13443818701,"direction":300,"operator":"The Home Depot"}},{"type":"Feature","geometry":{"type":"Point","coordinates":[-111.661002,40.213451]},"properties":{"id":13443856001,"direction":169,"operator":"The Home Depot"}},{"type":"Feature","geometry":{"type":"Point","coordinates":[-112.064242,41.127207]},"properties":{"id":13446807603,"direction":347,"operator":null}},{"type":"Feature","geometry":{"type":"Point","coordinates":[-112.012164,41.103726]},"properties":{"id":13446989901,"direction":252,"operator":null}},{"type":"Feature","geometry":{"type":"Point","coordinates":[-112.020792,41.170497]},"properties":{"id":13446991701,"direction":210,"operator":null}},{"type":"Feature","geometry":{"type":"Point","coordinates":[-111.992891,41.200599]},"properties":{"id":13446998501,"direction":43,"operator":null}},{"type":"Feature","geometry":{"type":"Point","coordinates":[-111.559571,40.151197]},"properties":{"id":13448504801,"direction":73,"operator":null}},{"type":"Feature","geometry":{"type":"Point","coordinates":[-111.713675,40.334219]},"properties":{"id":13448570007,"direction":300,"operator":null}},{"type":"Feature","geometry":{"type":"Point","coordinates":[-111.964997,41.212261]},"properties":{"id":13451480101,"direction":245,"operator":null}},{"type":"Feature","geometry":{"type":"Point","coordinates":[-111.889348,40.546007]},"properties":{"id":13451536202,"direction":125,"operator":null}},{"type":"Feature","geometry":{"type":"Point","coordinates":[-111.889405,40.545184]},"properties":{"id":13451543601,"direction":119,"operator":null}},{"type":"Feature","geometry":{"type":"Point","coordinates":[-111.88803,40.544374]},"properties":{"id":13451547301,"direction":316,"operator":null}},{"type":"Feature","geometry":{"type":"Point","coordinates":[-111.851957,40.699205]},"properties":{"id":13454303401,"direction":140,"operator":null}},{"type":"Feature","geometry":{"type":"Point","coordinates":[-111.850005,40.696694]},"properties":{"id":13454308201,"direction":211,"operator":null}},{"type":"Feature","geometry":{"type":"Point","coordinates":[-111.860009,40.699983]},"properties":{"id":13454313701,"direction":223,"operator":null}},{"type":"Feature","geometry":{"type":"Point","coordinates":[-111.889262,40.923021]},"properties":{"id":13454379001,"direction":122,"operator":null}},{"type":"Feature","geometry":{"type":"Point","coordinates":[-111.887944,40.922429]},"properties":{"id":13454379301,"direction":295,"operator":null}},{"type":"Feature","geometry":{"type":"Point","coordinates":[-111.889292,40.921405]},"properties":{"id":13454379401,"direction":88,"operator":null}},{"type":"Feature","geometry":{"type":"Point","coordinates":[-111.888333,40.921625]},"properties":{"id":13454380201,"direction":251,"operator":null}},{"type":"Feature","geometry":{"type":"Point","coordinates":[-111.982398,40.618041]},"properties":{"id":13456531601,"direction":148,"operator":null}},{"type":"Feature","geometry":{"type":"Point","coordinates":[-111.919856,40.385178]},"properties":{"id":13456568702,"direction":236,"operator":null}},{"type":"Feature","geometry":{"type":"Point","coordinates":[-111.921075,40.385936]},"properties":{"id":13456570002,"direction":158,"operator":null}},{"type":"Feature","geometry":{"type":"Point","coordinates":[-111.920951,40.385938]},"properties":{"id":13456570003,"direction":293,"operator":null}},{"type":"Feature","geometry":{"type":"Point","coordinates":[-111.922148,40.385261]},"properties":{"id":13456574101,"direction":115,"operator":null}},{"type":"Feature","geometry":{"type":"Point","coordinates":[-111.922195,40.385929]},"properties":{"id":13456575101,"direction":51,"operator":null}},{"type":"Feature","geometry":{"type":"Point","coordinates":[-111.919979,40.385945]},"properties":{"id":13456577301,"direction":299,"operator":null}},{"type":"Feature","geometry":{"type":"Point","coordinates":[-111.910346,40.624863]},"properties":{"id":13456655301,"direction":134,"operator":null}},{"type":"Feature","geometry":{"type":"Point","coordinates":[-111.887626,40.920518]},"properties":{"id":13457146301,"direction":335,"operator":null}},{"type":"Feature","geometry":{"type":"Point","coordinates":[-111.888477,40.685601]},"properties":{"id":13458652801,"direction":128,"operator":null}},{"type":"Feature","geometry":{"type":"Point","coordinates":[-111.882681,40.686939]},"properties":{"id":13458653301,"direction":51,"operator":null}},{"type":"Feature","geometry":{"type":"Point","coordinates":[-111.888526,40.675938]},"properties":{"id":13458664801,"direction":121,"operator":null}},{"type":"Feature","geometry":{"type":"Point","coordinates":[-111.913989,40.674072]},"properties":{"id":13458883401,"direction":119,"operator":null}},{"type":"Feature","geometry":{"type":"Point","coordinates":[-111.872352,40.906226]},"properties":{"id":13459337401,"direction":343,"operator":null}},{"type":"Feature","geometry":{"type":"Point","coordinates":[-111.939612,40.679786]},"properties":{"id":13459546702,"direction":235,"operator":null}},{"type":"Feature","geometry":{"type":"Point","coordinates":[-111.939658,40.679794]},"properties":{"id":13459552101,"direction":220,"operator":null}},{"type":"Feature","geometry":{"type":"Point","coordinates":[-111.939686,40.679746]},"properties":{"id":13459552102,"direction":222,"operator":null}},{"type":"Feature","geometry":{"type":"Point","coordinates":[-111.932225,40.841213]},"properties":{"id":13460817101,"direction":179,"operator":null}},{"type":"Feature","geometry":{"type":"Point","coordinates":[-111.853474,40.623161]},"properties":{"id":13462761701,"direction":121,"operator":"The Home Depot"}},{"type":"Feature","geometry":{"type":"Point","coordinates":[-111.85432,40.622273]},"properties":{"id":13462794601,"direction":105,"operator":"The Home Depot"}},{"type":"Feature","geometry":{"type":"Point","coordinates":[-113.61787,37.1239]},"properties":{"id":13463171401,"direction":178,"operator":null}},{"type":"Feature","geometry":{"type":"Point","coordinates":[-109.337545,40.369645]},"properties":{"id":13473959301,"direction":74,"operator":null}},{"type":"Feature","geometry":{"type":"Point","coordinates":[-113.617877,37.123923]},"properties":{"id":13473992101,"direction":341,"operator":null}},{"type":"Feature","geometry":{"type":"Point","coordinates":[-113.616357,37.124567]},"properties":{"id":13474026001,"direction":248,"operator":null}},{"type":"Feature","geometry":{"type":"Point","coordinates":[-113.616324,37.123767]},"properties":{"id":13474028201,"direction":241,"operator":null}},{"type":"Feature","geometry":{"type":"Point","coordinates":[-113.605107,37.083275]},"properties":{"id":13474053501,"direction":12,"operator":null}},{"type":"Feature","geometry":{"type":"Point","coordinates":[-113.604725,37.083574]},"properties":{"id":13474054201,"direction":234,"operator":null}},{"type":"Feature","geometry":{"type":"Point","coordinates":[-111.721356,40.311803]},"properties":{"id":13477065301,"direction":47,"operator":null}},{"type":"Feature","geometry":{"type":"Point","coordinates":[-112.295756,40.565493]},"properties":{"id":13478255901,"direction":343,"operator":null}},{"type":"Feature","geometry":{"type":"Point","coordinates":[-111.662615,40.07213]},"properties":{"id":13479579301,"direction":169,"operator":null}},{"type":"Feature","geometry":{"type":"Point","coordinates":[-111.73503,40.297286]},"properties":{"id":13480350501,"direction":252,"operator":null}},{"type":"Feature","geometry":{"type":"Point","coordinates":[-111.919868,40.699208]},"properties":{"id":13502930201,"direction":158,"operator":null}},{"type":"Feature","geometry":{"type":"Point","coordinates":[-112.29787,40.572779]},"properties":{"id":13502979301,"direction":166,"operator":null}},{"type":"Feature","geometry":{"type":"Point","coordinates":[-113.079278,37.696084]},"properties":{"id":13504757901,"direction":270,"operator":null}},{"type":"Feature","geometry":{"type":"Point","coordinates":[-112.296753,40.572785]},"properties":{"id":13505182201,"direction":178,"operator":null}},{"type":"Feature","geometry":{"type":"Point","coordinates":[-111.972484,41.066584]},"properties":{"id":13505870701,"direction":260,"operator":"The Home Depot"}},{"type":"Feature","geometry":{"type":"Point","coordinates":[-109.574372,38.600325]},"properties":{"id":13506625408,"direction":312,"operator":null}},{"type":"Feature","geometry":{"type":"Point","coordinates":[-110.693871,38.413194]},"properties":{"id":13507422101,"direction":19,"operator":null}},{"type":"Feature","geometry":{"type":"Point","coordinates":[-110.693867,38.413191]},"properties":{"id":13507425501,"direction":171,"operator":null}},{"type":"Feature","geometry":{"type":"Point","coordinates":[-110.707203,38.374347]},"properties":{"id":13507434401,"direction":266,"operator":null}},{"type":"Feature","geometry":{"type":"Point","coordinates":[-110.734951,38.378319]},"properties":{"id":13507440401,"direction":248,"operator":null}},{"type":"Feature","geometry":{"type":"Point","coordinates":[-110.736623,38.377893]},"properties":{"id":13507443701,"direction":62,"operator":null}},{"type":"Feature","geometry":{"type":"Point","coordinates":[-110.702474,38.368654]},"properties":{"id":13507461501,"direction":142,"operator":null}},{"type":"Feature","geometry":{"type":"Point","coordinates":[-112.111653,39.95589]},"properties":{"id":13507565401,"direction":221,"operator":null}},{"type":"Feature","geometry":{"type":"Point","coordinates":[-111.931833,40.173043]},"properties":{"id":13507685901,"direction":136,"operator":null}},{"type":"Feature","geometry":{"type":"Point","coordinates":[-111.968926,41.286271]},"properties":{"id":13508163001,"direction":341,"operator":null}},{"type":"Feature","geometry":{"type":"Point","coordinates":[-109.500445,38.525396]},"properties":{"id":13509489502,"direction":301,"operator":null}},{"type":"Feature","geometry":{"type":"Point","coordinates":[-111.468971,40.694499]},"properties":{"id":13511589601,"direction":61,"operator":null}},{"type":"Feature","geometry":{"type":"Point","coordinates":[-111.459043,40.684404]},"properties":{"id":13511602401,"direction":301,"operator":null}},{"type":"Feature","geometry":{"type":"Point","coordinates":[-111.614349,40.752437]},"properties":{"id":13511614601,"direction":208,"operator":null}},{"type":"Feature","geometry":{"type":"Point","coordinates":[-111.672604,40.739307]},"properties":{"id":13511638301,"direction":106,"operator":null}},{"type":"Feature","geometry":{"type":"Point","coordinates":[-111.820691,40.402501]},"properties":{"id":13512835001,"direction":319,"operator":null}},{"type":"Feature","geometry":{"type":"Point","coordinates":[-111.526932,40.678849]},"properties":{"id":13513743901,"direction":292,"operator":null}},{"type":"Feature","geometry":{"type":"Point","coordinates":[-111.494653,40.667299]},"properties":{"id":13513744201,"direction":66,"operator":null}},{"type":"Feature","geometry":{"type":"Point","coordinates":[-111.789978,40.406879]},"properties":{"id":13515570001,"direction":0,"operator":null}},{"type":"Feature","geometry":{"type":"Point","coordinates":[-112.001137,41.176445]},"properties":{"id":13515868302,"direction":305,"operator":"The Home Depot"}},{"type":"Feature","geometry":{"type":"Point","coordinates":[-112.001153,41.17588]},"properties":{"id":13515870701,"direction":231,"operator":null}},{"type":"Feature","geometry":{"type":"Point","coordinates":[-112.003896,41.175749]},"properties":{"id":13515876201,"direction":69,"operator":"The Home Depot"}},{"type":"Feature","geometry":{"type":"Point","coordinates":[-112.008055,41.175597]},"properties":{"id":13515906301,"direction":220,"operator":null}},{"type":"Feature","geometry":{"type":"Point","coordinates":[-111.854237,40.68686]},"properties":{"id":13516890601,"direction":145,"operator":null}},{"type":"Feature","geometry":{"type":"Point","coordinates":[-111.905162,40.67409]},"properties":{"id":13522621201,"direction":159,"operator":null}},{"type":"Feature","geometry":{"type":"Point","coordinates":[-111.903749,40.673956]},"properties":{"id":13522621601,"direction":160,"operator":null}},{"type":"Feature","geometry":{"type":"Point","coordinates":[-111.888063,40.687663]},"properties":{"id":13522635102,"direction":309,"operator":null}},{"type":"Feature","geometry":{"type":"Point","coordinates":[-111.851999,40.622267]},"properties":{"id":13526925354,"direction":265,"operator":"The Home Depot"}},{"type":"Feature","geometry":{"type":"Point","coordinates":[-111.852022,40.622964]},"properties":{"id":13526925355,"direction":150,"operator":"The Home Depot"}},{"type":"Feature","geometry":{"type":"Point","coordinates":[-111.852054,40.622998]},"properties":{"id":13526925356,"direction":30,"operator":"The Home Depot"}},{"type":"Feature","geometry":{"type":"Point","coordinates":[-111.85382,40.622986]},"properties":{"id":13526925357,"direction":320,"operator":"The Home Depot"}},{"type":"Feature","geometry":{"type":"Point","coordinates":[-111.832917,41.752701]},"properties":{"id":13527298006,"direction":350,"operator":"The Home Depot"}},{"type":"Feature","geometry":{"type":"Point","coordinates":[-111.831837,41.75268]},"properties":{"id":13527298008,"direction":28,"operator":"The Home Depot"}},{"type":"Feature","geometry":{"type":"Point","coordinates":[-111.831803,41.754125]},"properties":{"id":13527303609,"direction":156,"operator":"The Home Depot"}},{"type":"Feature","geometry":{"type":"Point","coordinates":[-111.832863,41.754127]},"properties":{"id":13527309301,"direction":221,"operator":"The Home Depot"}},{"type":"Feature","geometry":{"type":"Point","coordinates":[-111.854223,40.700852]},"properties":{"id":13530410001,"direction":180,"operator":null}},{"type":"Feature","geometry":{"type":"Point","coordinates":[-111.946022,41.038287]},"properties":{"id":13531373587,"direction":225,"operator":null}},{"type":"Feature","geometry":{"type":"Point","coordinates":[-109.341752,37.893575]},"properties":{"id":13532657101,"direction":336,"operator":null}},{"type":"Feature","geometry":{"type":"Point","coordinates":[-109.341994,37.89372]},"properties":{"id":13532657601,"direction":150,"operator":null}},{"type":"Feature","geometry":{"type":"Point","coordinates":[-111.956081,39.952563]},"properties":{"id":13539040401,"direction":216,"operator":null}},{"type":"Feature","geometry":{"type":"Point","coordinates":[-111.974213,41.309071]},"properties":{"id":13541688201,"direction":75,"operator":null}},{"type":"Feature","geometry":{"type":"Point","coordinates":[-111.851219,40.700894]},"properties":{"id":13542102977,"direction":140,"operator":null}},{"type":"Feature","geometry":{"type":"Point","coordinates":[-111.974433,41.06704]},"properties":{"id":13563103984,"direction":200,"operator":null}},{"type":"Feature","geometry":{"type":"Point","coordinates":[-111.579792,40.607783]},"properties":{"id":13563532701,"direction":0,"operator":null}},{"type":"Feature","geometry":{"type":"Point","coordinates":[-111.835178,39.821389]},"properties":{"id":13565049201,"direction":223,"operator":null}},{"type":"Feature","geometry":{"type":"Point","coordinates":[-111.756218,40.350412]},"properties":{"id":13565733501,"direction":48,"operator":null}},{"type":"Feature","geometry":{"type":"Point","coordinates":[-111.39666,38.297401]},"properties":{"id":13567165801,"direction":221,"operator":null}},{"type":"Feature","geometry":{"type":"Point","coordinates":[-111.396998,38.297147]},"properties":{"id":13567166301,"direction":71,"operator":null}},{"type":"Feature","geometry":{"type":"Point","coordinates":[-113.110997,37.686084]},"properties":{"id":13568611341,"direction":330,"operator":null}},{"type":"Feature","geometry":{"type":"Point","coordinates":[-113.10846,37.706359]},"properties":{"id":13568611342,"direction":70,"operator":null}},{"type":"Feature","geometry":{"type":"Point","coordinates":[-113.106297,37.683826]},"properties":{"id":13568611343,"direction":330,"operator":null}},{"type":"Feature","geometry":{"type":"Point","coordinates":[-113.079665,37.686959]},"properties":{"id":13568611344,"direction":245,"operator":null}},{"type":"Feature","geometry":{"type":"Point","coordinates":[-113.084156,37.65483]},"properties":{"id":13568611345,"direction":75,"operator":null}},{"type":"Feature","geometry":{"type":"Point","coordinates":[-113.080779,37.654248]},"properties":{"id":13568611346,"direction":250,"operator":null}},{"type":"Feature","geometry":{"type":"Point","coordinates":[-113.034488,37.673168]},"properties":{"id":13568611347,"direction":55,"operator":null}},{"type":"Feature","geometry":{"type":"Point","coordinates":[-113.034605,37.67323]},"properties":{"id":13568611348,"direction":220,"operator":null}},{"type":"Feature","geometry":{"type":"Point","coordinates":[-113.062233,37.681051]},"properties":{"id":13568611349,"direction":230,"operator":null}},{"type":"Feature","geometry":{"type":"Point","coordinates":[-113.054194,37.729345]},"properties":{"id":13568611350,"direction":295,"operator":null}},{"type":"Feature","geometry":{"type":"Point","coordinates":[-113.086005,37.681389]},"properties":{"id":13568611351,"direction":340,"operator":null}},{"type":"Feature","geometry":{"type":"Point","coordinates":[-113.086442,37.681185]},"properties":{"id":13568611352,"direction":140,"operator":null}},{"type":"Feature","geometry":{"type":"Point","coordinates":[-111.732374,40.05434]},"properties":{"id":13573991301,"direction":149,"operator":null}},{"type":"Feature","geometry":{"type":"Point","coordinates":[-111.97556,41.067305]},"properties":{"id":13574746601,"direction":199,"operator":null}},{"type":"Feature","geometry":{"type":"Point","coordinates":[-111.974142,41.066951]},"properties":{"id":13574746801,"direction":239,"operator":null}},{"type":"Feature","geometry":{"type":"Point","coordinates":[-111.980425,41.191318]},"properties":{"id":13574764701,"direction":19,"operator":null}},{"type":"Feature","geometry":{"type":"Point","coordinates":[-111.831387,39.894808]},"properties":{"id":13583774001,"direction":0,"operator":null}},{"type":"Feature","geometry":{"type":"Point","coordinates":[-113.078386,37.666522]},"properties":{"id":13584079007,"direction":70,"operator":null}},{"type":"Feature","geometry":{"type":"Point","coordinates":[-111.862409,40.630595]},"properties":{"id":13588217301,"direction":317,"operator":null}},{"type":"Feature","geometry":{"type":"Point","coordinates":[-111.770162,39.97557]},"properties":{"id":13588600801,"direction":265,"operator":null}},{"type":"Feature","geometry":{"type":"Point","coordinates":[-111.982173,40.508896]},"properties":{"id":13588766001,"direction":293,"operator":"The Home Depot"}},{"type":"Feature","geometry":{"type":"Point","coordinates":[-111.981448,40.509439]},"properties":{"id":13588781601,"direction":280,"operator":"The Home Depot"}},{"type":"Feature","geometry":{"type":"Point","coordinates":[-112.024615,40.631002]},"properties":{"id":13588782501,"direction":146,"operator":null}},{"type":"Feature","geometry":{"type":"Point","coordinates":[-113.081656,37.676925]},"properties":{"id":13591697926,"direction":55,"operator":null}},{"type":"Feature","geometry":{"type":"Point","coordinates":[-113.08726,37.652349]},"properties":{"id":13591697927,"direction":240,"operator":null}},{"type":"Feature","geometry":{"type":"Point","coordinates":[-111.836486,40.577934]},"properties":{"id":13591784801,"direction":309,"operator":"The Home Depot"}},{"type":"Feature","geometry":{"type":"Point","coordinates":[-111.836767,40.576671]},"properties":{"id":13591792901,"direction":304,"operator":"The Home Depot"}},{"type":"Feature","geometry":{"type":"Point","coordinates":[-111.902515,40.727696]},"properties":{"id":13594268801,"direction":206,"operator":null}},{"type":"Feature","geometry":{"type":"Point","coordinates":[-111.854921,40.629383]},"properties":{"id":13606683687,"direction":165,"operator":null}},{"type":"Feature","geometry":{"type":"Point","coordinates":[-111.755491,40.031345]},"properties":{"id":13608304201,"direction":57,"operator":null}},{"type":"Feature","geometry":{"type":"Point","coordinates":[-111.804772,39.951752]},"properties":{"id":13608429801,"direction":266,"operator":null}},{"type":"Feature","geometry":{"type":"Point","coordinates":[-112.026376,40.609216]},"properties":{"id":13608663446,"direction":175,"operator":null}},{"type":"Feature","geometry":{"type":"Point","coordinates":[-112.026034,40.607986]},"properties":{"id":13608663447,"direction":265,"operator":null}},{"type":"Feature","geometry":{"type":"Point","coordinates":[-111.816365,40.453636]},"properties":{"id":13617928101,"direction":320,"operator":null}},{"type":"Feature","geometry":{"type":"Point","coordinates":[-111.982293,40.61463]},"properties":{"id":13623861201,"direction":86,"operator":null}},{"type":"Feature","geometry":{"type":"Point","coordinates":[-111.999947,40.637649]},"properties":{"id":13625679901,"direction":159,"operator":null}},{"type":"Feature","geometry":{"type":"Point","coordinates":[-111.773382,40.43983]},"properties":{"id":13628485301,"direction":330,"operator":null}},{"type":"Feature","geometry":{"type":"Point","coordinates":[-111.871012,40.743455]},"properties":{"id":13629250401,"direction":331,"operator":null}},{"type":"Feature","geometry":{"type":"Point","coordinates":[-111.976271,40.635658]},"properties":{"id":13630166301,"direction":312,"operator":null}},{"type":"Feature","geometry":{"type":"Point","coordinates":[-111.837069,40.578757]},"properties":{"id":13631246202,"direction":169,"operator":null}},{"type":"Feature","geometry":{"type":"Point","coordinates":[-111.887995,40.916574]},"properties":{"id":13634958402,"direction":194,"operator":null}},{"type":"Feature","geometry":{"type":"Point","coordinates":[-111.886984,40.915455]},"properties":{"id":13634959701,"direction":24,"operator":null}},{"type":"Feature","geometry":{"type":"Point","coordinates":[-111.887098,40.91662]},"properties":{"id":13634974202,"direction":164,"operator":null}},{"type":"Feature","geometry":{"type":"Point","coordinates":[-111.834121,40.634703]},"properties":{"id":13637289201,"direction":323,"operator":null}},{"type":"Feature","geometry":{"type":"Point","coordinates":[-112.296854,40.570172]},"properties":{"id":13646122301,"direction":0,"operator":"The Home Depot"}},{"type":"Feature","geometry":{"type":"Point","coordinates":[-111.865049,40.668239]},"properties":{"id":13646513401,"direction":315,"operator":null}},{"type":"Feature","geometry":{"type":"Point","coordinates":[-111.837703,40.578582]},"properties":{"id":13646583601,"direction":148,"operator":"The Home Depot"}},{"type":"Feature","geometry":{"type":"Point","coordinates":[-113.055751,37.764542]},"properties":{"id":13647970401,"direction":103,"operator":null}},{"type":"Feature","geometry":{"type":"Point","coordinates":[-111.946235,41.038063]},"properties":{"id":13648409601,"direction":63,"operator":null}},{"type":"Feature","geometry":{"type":"Point","coordinates":[-112.045173,41.132932]},"properties":{"id":13656729501,"direction":0,"operator":null}},{"type":"Feature","geometry":{"type":"Point","coordinates":[-111.936161,40.589244]},"properties":{"id":13657156994,"direction":15,"operator":null}},{"type":"Feature","geometry":{"type":"Point","coordinates":[-111.898504,40.587908]},"properties":{"id":13665040901,"direction":75,"operator":null}},{"type":"Feature","geometry":{"type":"Point","coordinates":[-111.87219,40.544156]},"properties":{"id":13667697901,"direction":161,"operator":null}},{"type":"Feature","geometry":{"type":"Point","coordinates":[-111.993947,41.153321]},"properties":{"id":13674516602,"direction":107,"operator":null}},{"type":"Feature","geometry":{"type":"Point","coordinates":[-111.579067,40.147928]},"properties":{"id":13679964501,"direction":135,"operator":null}},{"type":"Feature","geometry":{"type":"Point","coordinates":[-111.853813,40.529072]},"properties":{"id":13680670639,"direction":227,"operator":null}},{"type":"Feature","geometry":{"type":"Point","coordinates":[-111.82836,41.758385]},"properties":{"id":13683597501,"direction":51,"operator":"Lowe's"}},{"type":"Feature","geometry":{"type":"Point","coordinates":[-111.827009,41.757648]},"properties":{"id":13683688302,"direction":322,"operator":"Lowe's"}},{"type":"Feature","geometry":{"type":"Point","coordinates":[-111.825272,41.75769]},"properties":{"id":13683690001,"direction":329,"operator":"Lowe's"}},{"type":"Feature","geometry":{"type":"Point","coordinates":[-111.905447,40.673636]},"properties":{"id":13685705401,"direction":102,"operator":"Lowe's"}},{"type":"Feature","geometry":{"type":"Point","coordinates":[-111.904597,40.672573]},"properties":{"id":13685709301,"direction":47,"operator":"Lowe's"}},{"type":"Feature","geometry":{"type":"Point","coordinates":[-111.808684,39.982922]},"properties":{"id":13685744901,"direction":108,"operator":null}},{"type":"Feature","geometry":{"type":"Point","coordinates":[-111.637546,40.126697]},"properties":{"id":13687449901,"direction":96,"operator":"Lowe's"}},{"type":"Feature","geometry":{"type":"Point","coordinates":[-111.636847,40.127544]},"properties":{"id":13687450401,"direction":153,"operator":"Lowe's"}},{"type":"Feature","geometry":{"type":"Point","coordinates":[-111.99806,41.50246]},"properties":{"id":13694249001,"direction":295,"operator":null}},{"type":"Feature","geometry":{"type":"Point","coordinates":[-112.062493,41.141726]},"properties":{"id":13699912001,"direction":321,"operator":"Lowe's"}},{"type":"Feature","geometry":{"type":"Point","coordinates":[-112.062497,41.142055]},"properties":{"id":13699913801,"direction":16,"operator":"Lowe's"}},{"type":"Feature","geometry":{"type":"Point","coordinates":[-112.062501,41.143164]},"properties":{"id":13699913802,"direction":67,"operator":"Lowe's"}},{"type":"Feature","geometry":{"type":"Point","coordinates":[-112.062437,41.143318]},"properties":{"id":13699915701,"direction":203,"operator":"Lowe's"}},{"type":"Feature","geometry":{"type":"Point","coordinates":[-111.878305,40.906516]},"properties":{"id":13700284101,"direction":60,"operator":null}},{"type":"Feature","geometry":{"type":"Point","coordinates":[-111.928359,40.841987]},"properties":{"id":13702766601,"direction":245,"operator":null}},{"type":"Feature","geometry":{"type":"Point","coordinates":[-111.939209,40.74219]},"properties":{"id":13702771901,"direction":155,"operator":null}},{"type":"Feature","geometry":{"type":"Point","coordinates":[-111.939185,40.722255]},"properties":{"id":13702775201,"direction":147,"operator":null}},{"type":"Feature","geometry":{"type":"Point","coordinates":[-111.937973,40.696491]},"properties":{"id":13702777101,"direction":59,"operator":null}},{"type":"Feature","geometry":{"type":"Point","coordinates":[-111.939116,40.69638]},"properties":{"id":13702778201,"direction":156,"operator":null}},{"type":"Feature","geometry":{"type":"Point","coordinates":[-111.899306,40.699739]},"properties":{"id":13702782101,"direction":50,"operator":null}},{"type":"Feature","geometry":{"type":"Point","coordinates":[-111.890966,40.73548]},"properties":{"id":13702788201,"direction":323,"operator":null}},{"type":"Feature","geometry":{"type":"Point","coordinates":[-111.891231,40.736367]},"properties":{"id":13702788301,"direction":152,"operator":null}},{"type":"Feature","geometry":{"type":"Point","coordinates":[-111.890948,40.747473]},"properties":{"id":13702789301,"direction":325,"operator":null}},{"type":"Feature","geometry":{"type":"Point","coordinates":[-111.891221,40.747784]},"properties":{"id":13702789501,"direction":149,"operator":null}},{"type":"Feature","geometry":{"type":"Point","coordinates":[-111.915528,40.826761]},"properties":{"id":13702817601,"direction":335,"operator":null}},{"type":"Feature","geometry":{"type":"Point","coordinates":[-111.899188,40.858214]},"properties":{"id":13702823801,"direction":188,"operator":null}},{"type":"Feature","geometry":{"type":"Point","coordinates":[-111.889548,40.884341]},"properties":{"id":13702831701,"direction":238,"operator":null}},{"type":"Feature","geometry":{"type":"Point","coordinates":[-111.930084,40.852994]},"properties":{"id":13704243201,"direction":244,"operator":null}},{"type":"Feature","geometry":{"type":"Point","coordinates":[-112.011502,41.103395]},"properties":{"id":13706966401,"direction":59,"operator":null}},{"type":"Feature","geometry":{"type":"Point","coordinates":[-111.587284,40.08222]},"properties":{"id":13706988101,"direction":0,"operator":null}},{"type":"Feature","geometry":{"type":"Point","coordinates":[-111.555706,40.148678]},"properties":{"id":13717516501,"direction":158,"operator":null}},{"type":"Feature","geometry":{"type":"Point","coordinates":[-111.545349,40.152886]},"properties":{"id":13717524101,"direction":35,"operator":null}},{"type":"Feature","geometry":{"type":"Point","coordinates":[-112.01281,41.17369]},"properties":{"id":13719276701,"direction":45,"operator":null}},{"type":"Feature","geometry":{"type":"Point","coordinates":[-111.859988,40.687158]},"properties":{"id":13719721292,"direction":270,"operator":null}},{"type":"Feature","geometry":{"type":"Point","coordinates":[-111.952059,40.664002]},"properties":{"id":13727888801,"direction":345,"operator":null}},{"type":"Feature","geometry":{"type":"Point","coordinates":[-111.986881,41.187576]},"properties":{"id":13728273901,"direction":42,"operator":"Lowe's"}},{"type":"Feature","geometry":{"type":"Point","coordinates":[-111.985616,41.188396]},"properties":{"id":13728273902,"direction":168,"operator":"Lowe's"}},{"type":"Feature","geometry":{"type":"Point","coordinates":[-111.985074,41.188896]},"properties":{"id":13728273903,"direction":280,"operator":"Lowe's"}},{"type":"Feature","geometry":{"type":"Point","coordinates":[-111.986878,41.187563]},"properties":{"id":13728275901,"direction":78,"operator":"Lowe's"}},{"type":"Feature","geometry":{"type":"Point","coordinates":[-111.985643,41.188194]},"properties":{"id":13728275902,"direction":55,"operator":"Lowe's"}},{"type":"Feature","geometry":{"type":"Point","coordinates":[-111.985616,41.188396]},"properties":{"id":13728283301,"direction":254,"operator":"Lowe's"}},{"type":"Feature","geometry":{"type":"Point","coordinates":[-111.985072,41.188896]},"properties":{"id":13728287001,"direction":206,"operator":"Lowe's"}},{"type":"Feature","geometry":{"type":"Point","coordinates":[-111.986401,41.189254]},"properties":{"id":13728291701,"direction":206,"operator":"Lowe's"}},{"type":"Feature","geometry":{"type":"Point","coordinates":[-113.555344,37.101259]},"properties":{"id":13732219301,"direction":83,"operator":"Lowe's"}},{"type":"Feature","geometry":{"type":"Point","coordinates":[-113.554124,37.101741]},"properties":{"id":13732245501,"direction":180,"operator":"Lowe's"}},{"type":"Feature","geometry":{"type":"Point","coordinates":[-113.554106,37.100042]},"properties":{"id":13732247101,"direction":0,"operator":"Lowe's"}},{"type":"Feature","geometry":{"type":"Point","coordinates":[-111.636982,40.126254]},"properties":{"id":13732775701,"direction":73,"operator":"Lowe's"}},{"type":"Feature","geometry":{"type":"Point","coordinates":[-111.636936,40.127462]},"properties":{"id":13732791001,"direction":34,"operator":"Lowe's"}},{"type":"Feature","geometry":{"type":"Point","coordinates":[-111.636314,40.128079]},"properties":{"id":13732793201,"direction":212,"operator":"Lowe's"}},{"type":"Feature","geometry":{"type":"Point","coordinates":[-111.635809,40.127899]},"properties":{"id":13732795501,"direction":206,"operator":"Lowe's"}},{"type":"Feature","geometry":{"type":"Point","coordinates":[-111.96928,41.265477]},"properties":{"id":13733416101,"direction":72,"operator":"Lowe's"}},{"type":"Feature","geometry":{"type":"Point","coordinates":[-111.96928,41.265477]},"properties":{"id":13733416102,"direction":72,"operator":"Lowe's"}},{"type":"Feature","geometry":{"type":"Point","coordinates":[-111.968308,41.266386]},"properties":{"id":13733416201,"direction":159,"operator":"Lowe's"}},{"type":"Feature","geometry":{"type":"Point","coordinates":[-111.966888,41.266334]},"properties":{"id":13733449502,"direction":130,"operator":"Lowe's"}},{"type":"Feature","geometry":{"type":"Point","coordinates":[-111.966888,41.266334]},"properties":{"id":13733466201,"direction":232,"operator":"Lowe's"}},{"type":"Feature","geometry":{"type":"Point","coordinates":[-111.979752,40.615828]},"properties":{"id":13733466501,"direction":200,"operator":"Lowe's"}},{"type":"Feature","geometry":{"type":"Point","coordinates":[-111.888884,40.528343]},"properties":{"id":13733760001,"direction":287,"operator":null}},{"type":"Feature","geometry":{"type":"Point","coordinates":[-112.00608,40.609579]},"properties":{"id":13733812901,"direction":246,"operator":null}},{"type":"Feature","geometry":{"type":"Point","coordinates":[-112.045736,41.147221]},"properties":{"id":13735051001,"direction":238,"operator":null}},{"type":"Feature","geometry":{"type":"Point","coordinates":[-111.980289,40.614566]},"properties":{"id":13738926701,"direction":25,"operator":"Lowe's"}},{"type":"Feature","geometry":{"type":"Point","coordinates":[-111.980475,40.616518]},"properties":{"id":13738932701,"direction":105,"operator":null}},{"type":"Feature","geometry":{"type":"Point","coordinates":[-110.650438,39.548828]},"properties":{"id":13739136670,"direction":270,"operator":null}},{"type":"Feature","geometry":{"type":"Point","coordinates":[-111.76338,41.262517]},"properties":{"id":13740941709,"direction":240,"operator":null}},{"type":"Feature","geometry":{"type":"Point","coordinates":[-112.062515,41.142619]},"properties":{"id":13743471601,"direction":321,"operator":"Lowe's"}},{"type":"Feature","geometry":{"type":"Point","coordinates":[-112.061315,41.141705]},"properties":{"id":13743543901,"direction":313,"operator":"Lowe's"}},{"type":"Feature","geometry":{"type":"Point","coordinates":[-111.974767,41.318554]},"properties":{"id":13757123001,"direction":103,"operator":null}},{"type":"Feature","geometry":{"type":"Point","coordinates":[-112.063331,40.703808]},"properties":{"id":13758994501,"direction":249,"operator":null}},{"type":"Feature","geometry":{"type":"Point","coordinates":[-111.824816,40.389124]},"properties":{"id":13759055601,"direction":253,"operator":null}},{"type":"Feature","geometry":{"type":"Point","coordinates":[-111.572405,37.00133]},"properties":{"id":13759516301,"direction":316,"operator":null}},{"type":"Feature","geometry":{"type":"Point","coordinates":[-111.572652,37.001329]},"properties":{"id":13759516302,"direction":121,"operator":null}},{"type":"Feature","geometry":{"type":"Point","coordinates":[-112.456869,40.595464]},"properties":{"id":13760567201,"direction":138,"operator":null}},{"type":"Feature","geometry":{"type":"Point","coordinates":[-111.90516,40.67411]},"properties":{"id":13761862401,"direction":117,"operator":null}},{"type":"Feature","geometry":{"type":"Point","coordinates":[-110.57327,39.525927]},"properties":{"id":13764680425,"direction":275,"operator":null}},{"type":"Feature","geometry":{"type":"Point","coordinates":[-111.916296,41.140005]},"properties":{"id":13768611601,"direction":251,"operator":null}},{"type":"Feature","geometry":{"type":"Point","coordinates":[-111.98126,40.524756]},"properties":{"id":13768932401,"direction":244,"operator":null}},{"type":"Feature","geometry":{"type":"Point","coordinates":[-111.981114,40.523822]},"properties":{"id":13768933301,"direction":239,"operator":null}},{"type":"Feature","geometry":{"type":"Point","coordinates":[-111.981314,40.525841]},"properties":{"id":13768934001,"direction":254,"operator":null}},{"type":"Feature","geometry":{"type":"Point","coordinates":[-111.982491,40.523773]},"properties":{"id":13768944301,"direction":14,"operator":null}},{"type":"Feature","geometry":{"type":"Point","coordinates":[-111.904385,40.674076]},"properties":{"id":13769025601,"direction":184,"operator":null}},{"type":"Feature","geometry":{"type":"Point","coordinates":[-109.56828,40.435759]},"properties":{"id":13770661301,"direction":284,"operator":null}},{"type":"Feature","geometry":{"type":"Point","coordinates":[-109.5668,40.435473]},"properties":{"id":13770663101,"direction":298,"operator":null}},{"type":"Feature","geometry":{"type":"Point","coordinates":[-111.860066,40.581962]},"properties":{"id":13772794003,"direction":335,"operator":null}},{"type":"Feature","geometry":{"type":"Point","coordinates":[-111.860225,40.583509]},"properties":{"id":13772817784,"direction":160,"operator":"Lowe's"}},{"type":"Feature","geometry":{"type":"Point","coordinates":[-111.861744,40.583522]},"properties":{"id":13772821768,"direction":90,"operator":"Lowe's"}},{"type":"Feature","geometry":{"type":"Point","coordinates":[-111.858651,40.583754]},"properties":{"id":13772826893,"direction":200,"operator":null}},{"type":"Feature","geometry":{"type":"Point","coordinates":[-111.861459,40.582675]},"properties":{"id":13772843232,"direction":110,"operator":"Lowe's"}},{"type":"Feature","geometry":{"type":"Point","coordinates":[-111.861211,40.582962]},"properties":{"id":13772843233,"direction":90,"operator":"Lowe's"}},{"type":"Feature","geometry":{"type":"Point","coordinates":[-111.86541,40.689952]},"properties":{"id":13772887939,"direction":330,"operator":null}},{"type":"Feature","geometry":{"type":"Point","coordinates":[-112.064875,40.7255]},"properties":{"id":13775227203,"direction":76,"operator":null}},{"type":"Feature","geometry":{"type":"Point","coordinates":[-109.56951,40.433792]},"properties":{"id":13785392001,"direction":80,"operator":null}},{"type":"Feature","geometry":{"type":"Point","coordinates":[-109.568697,40.434758]},"properties":{"id":13785394301,"direction":70,"operator":null}},{"type":"Feature","geometry":{"type":"Point","coordinates":[-111.699849,40.274266]},"properties":{"id":13787726001,"direction":150,"operator":"Lowe's"}},{"type":"Feature","geometry":{"type":"Point","coordinates":[-111.985344,41.089021]},"properties":{"id":13797622301,"direction":152,"operator":null}},{"type":"Feature","geometry":{"type":"Point","coordinates":[-111.951385,41.038296]},"properties":{"id":13797625901,"direction":127,"operator":null}},{"type":"Feature","geometry":{"type":"Point","coordinates":[-111.698118,40.071363]},"properties":{"id":13800354601,"direction":207,"operator":null}},{"type":"Feature","geometry":{"type":"Point","coordinates":[-111.914077,40.84179]},"properties":{"id":13803554601,"direction":69,"operator":null}},{"type":"Feature","geometry":{"type":"Point","coordinates":[-112.055116,41.509814]},"properties":{"id":13807330901,"direction":81,"operator":null}},{"type":"Feature","geometry":{"type":"Point","coordinates":[-109.566463,40.433643]},"properties":{"id":13808011001,"direction":316,"operator":null}},{"type":"Feature","geometry":{"type":"Point","coordinates":[-111.891064,40.57947]},"properties":{"id":13809831995,"direction":150,"operator":null}},{"type":"Feature","geometry":{"type":"Point","coordinates":[-111.890812,40.618438]},"properties":{"id":13809842252,"direction":150,"operator":null}},{"type":"Feature","geometry":{"type":"Point","coordinates":[-111.888169,40.526621]},"properties":{"id":13812282783,"direction":70,"operator":null}},{"type":"Feature","geometry":{"type":"Point","coordinates":[-111.985257,40.669404]},"properties":{"id":13812476001,"direction":327,"operator":null}},{"type":"Feature","geometry":{"type":"Point","coordinates":[-111.986161,40.671185]},"properties":{"id":13812476201,"direction":128,"operator":null}},{"type":"Feature","geometry":{"type":"Point","coordinates":[-111.899556,40.740318]},"properties":{"id":13812487501,"direction":60,"operator":"Lowe's"}},{"type":"Feature","geometry":{"type":"Point","coordinates":[-111.597562,40.13]},"properties":{"id":13812550801,"direction":62,"operator":null}},{"type":"Feature","geometry":{"type":"Point","coordinates":[-111.979777,40.615682]},"properties":{"id":13823011801,"direction":10,"operator":null}},{"type":"Feature","geometry":{"type":"Point","coordinates":[-111.896847,40.504799]},"properties":{"id":13826172601,"direction":325,"operator":null}},{"type":"Feature","geometry":{"type":"Point","coordinates":[-111.894641,40.526918]},"properties":{"id":13832158903,"direction":245,"operator":null}},{"type":"Feature","geometry":{"type":"Point","coordinates":[-111.907907,40.50277]},"properties":{"id":13832159102,"direction":349,"operator":null}},{"type":"Feature","geometry":{"type":"Point","coordinates":[-111.816405,40.45171]},"properties":{"id":13835634601,"direction":153,"operator":null}},{"type":"Feature","geometry":{"type":"Point","coordinates":[-111.578485,38.469455]},"properties":{"id":13836738601,"direction":53,"operator":null}},{"type":"Feature","geometry":{"type":"Point","coordinates":[-111.49912,40.491031]},"properties":{"id":13841921701,"direction":98,"operator":null}},{"type":"Feature","geometry":{"type":"Point","coordinates":[-111.499186,40.491015]},"properties":{"id":13841922301,"direction":281,"operator":null}},{"type":"Feature","geometry":{"type":"Point","coordinates":[-113.656295,37.7947]},"properties":{"id":13847187801,"direction":219,"operator":null}},{"type":"Feature","geometry":{"type":"Point","coordinates":[-111.762139,40.324643]},"properties":{"id":13847345101,"direction":330,"operator":null}},{"type":"Feature","geometry":{"type":"Point","coordinates":[-112.093196,41.285941]},"properties":{"id":13858054404,"direction":333,"operator":null}},{"type":"Feature","geometry":{"type":"Point","coordinates":[-111.860078,38.963943]},"properties":{"id":13859153301,"direction":155,"operator":null}},{"type":"Feature","geometry":{"type":"Point","coordinates":[-111.854873,38.93569]},"properties":{"id":13859161601,"direction":257,"operator":null}},{"type":"Feature","geometry":{"type":"Point","coordinates":[-111.854412,38.932802]},"properties":{"id":13859166501,"direction":200,"operator":null}},{"type":"Feature","geometry":{"type":"Point","coordinates":[-112.103148,38.748938]},"properties":{"id":13859241701,"direction":218,"operator":null}},{"type":"Feature","geometry":{"type":"Point","coordinates":[-112.101575,38.748167]},"properties":{"id":13859241901,"direction":243,"operator":null}},{"type":"Feature","geometry":{"type":"Point","coordinates":[-112.103245,38.748938]},"properties":{"id":13859242002,"direction":48,"operator":null}},{"type":"Feature","geometry":{"type":"Point","coordinates":[-113.656278,37.709384]},"properties":{"id":13860560307,"direction":86,"operator":null}},{"type":"Feature","geometry":{"type":"Point","coordinates":[-113.655904,37.70947]},"properties":{"id":13860570601,"direction":234,"operator":null}},{"type":"Feature","geometry":{"type":"Point","coordinates":[-112.343366,40.547611]},"properties":{"id":13861217001,"direction":173,"operator":null}},{"type":"Feature","geometry":{"type":"Point","coordinates":[-112.29742,40.556778]},"properties":{"id":13861225601,"direction":134,"operator":null}},{"type":"Feature","geometry":{"type":"Point","coordinates":[-112.294521,40.577733]},"properties":{"id":13861228101,"direction":173,"operator":null}},{"type":"Feature","geometry":{"type":"Point","coordinates":[-111.863085,39.558994]},"properties":{"id":13869146501,"direction":44,"operator":null}},{"type":"Feature","geometry":{"type":"Point","coordinates":[-111.935215,40.587916]},"properties":{"id":13874728868,"direction":320,"operator":null}},{"type":"Feature","geometry":{"type":"Point","coordinates":[-111.955601,40.609445]},"properties":{"id":13878171402,"direction":82,"operator":null}},{"type":"Feature","geometry":{"type":"Point","coordinates":[-111.991865,40.638626]},"properties":{"id":13888609702,"direction":259,"operator":null}},{"type":"Feature","geometry":{"type":"Point","coordinates":[-111.988094,40.667468]},"properties":{"id":13891549102,"direction":230,"operator":null}},{"type":"Feature","geometry":{"type":"Point","coordinates":[-111.972131,40.653031]},"properties":{"id":13892540001,"direction":82,"operator":null}},{"type":"Feature","geometry":{"type":"Point","coordinates":[-111.989903,40.544697]},"properties":{"id":13892577535,"direction":265,"operator":null}},{"type":"Feature","geometry":{"type":"Point","coordinates":[-111.910469,40.543982]},"properties":{"id":13892674359,"direction":165,"operator":null}},{"type":"Feature","geometry":{"type":"Point","coordinates":[-111.933111,40.758424]},"properties":{"id":13894279301,"direction":56,"operator":null}},{"type":"Feature","geometry":{"type":"Point","coordinates":[-111.8984,40.741425]},"properties":{"id":13894943801,"direction":149,"operator":null}},{"type":"Feature","geometry":{"type":"Point","coordinates":[-111.898257,40.739161]},"properties":{"id":13894943901,"direction":0,"operator":null}},{"type":"Feature","geometry":{"type":"Point","coordinates":[-113.555027,37.100027]},"properties":{"id":13895084101,"direction":0,"operator":"Lowe's"}},{"type":"Feature","geometry":{"type":"Point","coordinates":[-112.024632,40.667549]},"properties":{"id":13895270301,"direction":83,"operator":null}},{"type":"Feature","geometry":{"type":"Point","coordinates":[-112.110015,40.710985]},"properties":{"id":13897429001,"direction":108,"operator":null}},{"type":"Feature","geometry":{"type":"Point","coordinates":[-111.978391,40.624113]},"properties":{"id":13897474901,"direction":244,"operator":null}},{"type":"Feature","geometry":{"type":"Point","coordinates":[-111.70592,40.25213]},"properties":{"id":13897762701,"direction":90,"operator":null}},{"type":"Feature","geometry":{"type":"Point","coordinates":[-111.98282,40.609635]},"properties":{"id":13899213801,"direction":260,"operator":null}},{"type":"Feature","geometry":{"type":"Point","coordinates":[-112.024522,40.654453]},"properties":{"id":13903034401,"direction":347,"operator":null}},{"type":"Feature","geometry":{"type":"Point","coordinates":[-112.022766,40.681948]},"properties":{"id":13903037201,"direction":73,"operator":null}},{"type":"Feature","geometry":{"type":"Point","coordinates":[-112.024425,40.638639]},"properties":{"id":13903038501,"direction":333,"operator":null}},{"type":"Feature","geometry":{"type":"Point","coordinates":[-111.824508,40.389865]},"properties":{"id":13903814001,"direction":325,"operator":"Lowe's"}},{"type":"Feature","geometry":{"type":"Point","coordinates":[-111.974157,41.210231]},"properties":{"id":13905319301,"direction":305,"operator":null}},{"type":"Feature","geometry":{"type":"Point","coordinates":[-111.578996,40.148117]},"properties":{"id":13908416603,"direction":162,"operator":null}},{"type":"Feature","geometry":{"type":"Point","coordinates":[-111.712972,40.374428]},"properties":{"id":13910205401,"direction":0,"operator":null}},{"type":"Feature","geometry":{"type":"Point","coordinates":[-111.826543,40.389783]},"properties":{"id":13912752601,"direction":128,"operator":"Lowe's"}},{"type":"Feature","geometry":{"type":"Point","coordinates":[-111.510968,40.030134]},"properties":{"id":13918610301,"direction":99,"operator":null}},{"type":"Feature","geometry":{"type":"Point","coordinates":[-112.083763,41.150587]},"properties":{"id":13921177801,"direction":145,"operator":null}},{"type":"Feature","geometry":{"type":"Point","coordinates":[-109.596813,40.462735]},"properties":{"id":13923832402,"direction":243,"operator":null}},{"type":"Feature","geometry":{"type":"Point","coordinates":[-111.697019,40.27414]},"properties":{"id":13923987401,"direction":285,"operator":"Lowe's"}},{"type":"Feature","geometry":{"type":"Point","coordinates":[-111.896189,40.589388]},"properties":{"id":13924265135,"direction":165,"operator":null}},{"type":"Feature","geometry":{"type":"Point","coordinates":[-111.90573,40.596355]},"properties":{"id":13924299575,"direction":150,"operator":null}},{"type":"Feature","geometry":{"type":"Point","coordinates":[-111.975264,41.246487]},"properties":{"id":13932488101,"direction":297,"operator":"The Home Depot"}},{"type":"Feature","geometry":{"type":"Point","coordinates":[-111.977242,41.24646]},"properties":{"id":13932488102,"direction":355,"operator":"The Home Depot"}},{"type":"Feature","geometry":{"type":"Point","coordinates":[-111.97762,41.247867]},"properties":{"id":13932488202,"direction":118,"operator":"The Home Depot"}},{"type":"Feature","geometry":{"type":"Point","coordinates":[-111.977904,41.246964]},"properties":{"id":13932510201,"direction":78,"operator":"The Home Depot"}},{"type":"Feature","geometry":{"type":"Point","coordinates":[-111.977904,41.246964]},"properties":{"id":13932510301,"direction":78,"operator":"The Home Depot"}},{"type":"Feature","geometry":{"type":"Point","coordinates":[-111.97762,41.247867]},"properties":{"id":13932510302,"direction":118,"operator":"The Home Depot"}},{"type":"Feature","geometry":{"type":"Point","coordinates":[-111.898789,40.543694]},"properties":{"id":13937528554,"direction":165,"operator":null}},{"type":"Feature","geometry":{"type":"Point","coordinates":[-111.8985,40.545244]},"properties":{"id":13937545890,"direction":345,"operator":null}},{"type":"Feature","geometry":{"type":"Point","coordinates":[-112.103245,38.748938]},"properties":{"id":13938401001,"direction":154,"operator":null}},{"type":"Feature","geometry":{"type":"Point","coordinates":[-113.110069,37.765006]},"properties":{"id":13939563801,"direction":0,"operator":null}},{"type":"Feature","geometry":{"type":"Point","coordinates":[-111.64294,38.410601]},"properties":{"id":13946309801,"direction":154,"operator":null}},{"type":"Feature","geometry":{"type":"Point","coordinates":[-111.984102,40.615225]},"properties":{"id":13946425302,"direction":111,"operator":null}},{"type":"Feature","geometry":{"type":"Point","coordinates":[-111.882898,40.754434]},"properties":{"id":13950461401,"direction":87,"operator":null}},{"type":"Feature","geometry":{"type":"Point","coordinates":[-113.030558,37.751827]},"properties":{"id":13950610601,"direction":30,"operator":null}},{"type":"Feature","geometry":{"type":"Point","coordinates":[-112.045196,41.125424]},"properties":{"id":13952632301,"direction":359,"operator":null}},{"type":"Feature","geometry":{"type":"Point","coordinates":[-111.873983,40.58827]},"properties":{"id":13952690801,"direction":255,"operator":null}},{"type":"Feature","geometry":{"type":"Point","coordinates":[-112.026219,41.121743]},"properties":{"id":13953158101,"direction":183,"operator":null}},{"type":"Feature","geometry":{"type":"Point","coordinates":[-113.106113,37.684217]},"properties":{"id":13954938801,"direction":176,"operator":null}},{"type":"Feature","geometry":{"type":"Point","coordinates":[-113.081546,37.681206]},"properties":{"id":13954938802,"direction":96,"operator":null}},{"type":"Feature","geometry":{"type":"Point","coordinates":[-113.078804,37.680372]},"properties":{"id":13954944101,"direction":0,"operator":null}},{"type":"Feature","geometry":{"type":"Point","coordinates":[-113.067561,37.66376]},"properties":{"id":13956092901,"direction":223,"operator":null}},{"type":"Feature","geometry":{"type":"Point","coordinates":[-113.061225,37.71225]},"properties":{"id":13956162101,"direction":31,"operator":null}},{"type":"Feature","geometry":{"type":"Point","coordinates":[-111.938687,40.679607]},"properties":{"id":13963655901,"direction":54,"operator":null}},{"type":"Feature","geometry":{"type":"Point","coordinates":[-111.972049,41.166788]},"properties":{"id":13966314601,"direction":214,"operator":null}},{"type":"Feature","geometry":{"type":"Point","coordinates":[-110.027296,40.274737]},"properties":{"id":13967897901,"direction":25,"operator":null}},{"type":"Feature","geometry":{"type":"Point","coordinates":[-110.026985,40.275248]},"properties":{"id":13967898501,"direction":203,"operator":null}},{"type":"Feature","geometry":{"type":"Point","coordinates":[-112.027796,40.607125]},"properties":{"id":13968243301,"direction":63,"operator":null}},{"type":"Feature","geometry":{"type":"Point","coordinates":[-112.584617,39.500153]},"properties":{"id":13970846301,"direction":140,"operator":null}},{"type":"Feature","geometry":{"type":"Point","coordinates":[-112.584517,39.497181]},"properties":{"id":13970848901,"direction":0,"operator":null}},{"type":"Feature","geometry":{"type":"Point","coordinates":[-111.822078,40.385358]},"properties":{"id":13971237401,"direction":186,"operator":"The Home Depot"}},{"type":"Feature","geometry":{"type":"Point","coordinates":[-111.823406,40.385064]},"properties":{"id":13971252001,"direction":266,"operator":"The Home Depot"}},{"type":"Feature","geometry":{"type":"Point","coordinates":[-111.741901,40.311727]},"properties":{"id":13973080501,"direction":49,"operator":null}},{"type":"Feature","geometry":{"type":"Point","coordinates":[-111.735604,40.289893]},"properties":{"id":13973080502,"direction":226,"operator":null}},{"type":"Feature","geometry":{"type":"Point","coordinates":[-111.984349,41.088346]},"properties":{"id":13979206901,"direction":246,"operator":null}},{"type":"Feature","geometry":{"type":"Point","coordinates":[-111.986284,41.088913]},"properties":{"id":13979208801,"direction":71,"operator":null}},{"type":"Feature","geometry":{"type":"Point","coordinates":[-111.986691,40.667478]},"properties":{"id":13979240601,"direction":149,"operator":null}},{"type":"Feature","geometry":{"type":"Point","coordinates":[-111.927705,40.609206]},"properties":{"id":13979283801,"direction":289,"operator":null}},{"type":"Feature","geometry":{"type":"Point","coordinates":[-111.912334,40.610387]},"properties":{"id":13979283802,"direction":78,"operator":null}},{"type":"Feature","geometry":{"type":"Point","coordinates":[-111.827222,40.390664]},"properties":{"id":13981524105,"direction":90,"operator":"Lowe's"}},{"type":"Feature","geometry":{"type":"Point","coordinates":[-111.865382,40.722714]},"properties":{"id":13984433802,"direction":176,"operator":null}},{"type":"Feature","geometry":{"type":"Point","coordinates":[-111.865383,40.722613]},"properties":{"id":13984438801,"direction":0,"operator":null}},{"type":"Feature","geometry":{"type":"Point","coordinates":[-113.078447,37.677084]},"properties":{"id":13984544544,"direction":110,"operator":null}},{"type":"Feature","geometry":{"type":"Point","coordinates":[-113.078526,37.67709]},"properties":{"id":13984544545,"direction":240,"operator":null}},{"type":"Feature","geometry":{"type":"Point","coordinates":[-112.0932,41.189509]},"properties":{"id":13984587201,"direction":147,"operator":null}},{"type":"Feature","geometry":{"type":"Point","coordinates":[-111.460663,38.302413]},"properties":{"id":13986948101,"direction":76,"operator":null}},{"type":"Feature","geometry":{"type":"Point","coordinates":[-111.996337,40.66654]},"properties":{"id":13988873001,"direction":217,"operator":null}},{"type":"Feature","geometry":{"type":"Point","coordinates":[-111.99637,40.663679]},"properties":{"id":13988873801,"direction":326,"operator":null}},{"type":"Feature","geometry":{"type":"Point","coordinates":[-111.699849,40.274163]},"properties":{"id":13990713502,"direction":32,"operator":"Lowe's"}},{"type":"Feature","geometry":{"type":"Point","coordinates":[-111.968059,40.725922]},"properties":{"id":13997865212,"direction":148,"operator":null}},{"type":"Feature","geometry":{"type":"Point","coordinates":[-112.064053,41.336056]},"properties":{"id":13998219701,"direction":244,"operator":null}},{"type":"Feature","geometry":{"type":"Point","coordinates":[-111.981677,41.185954]},"properties":{"id":13998613901,"direction":89,"operator":null}},{"type":"Feature","geometry":{"type":"Point","coordinates":[-111.982597,41.182241]},"properties":{"id":13998615701,"direction":123,"operator":null}},{"type":"Feature","geometry":{"type":"Point","coordinates":[-112.018763,41.089075]},"properties":{"id":13998741602,"direction":77,"operator":null}},{"type":"Feature","geometry":{"type":"Point","coordinates":[-112.01795,41.089125]},"properties":{"id":13998741603,"direction":254,"operator":null}},{"type":"Feature","geometry":{"type":"Point","coordinates":[-111.658599,40.246383]},"properties":{"id":13998764301,"direction":330,"operator":null}},{"type":"Feature","geometry":{"type":"Point","coordinates":[-111.971626,41.176164]},"properties":{"id":14000506102,"direction":236,"operator":null}},{"type":"Feature","geometry":{"type":"Point","coordinates":[-111.860715,40.62057]},"properties":{"id":14001569001,"direction":62,"operator":null}},{"type":"Feature","geometry":{"type":"Point","coordinates":[-111.979764,40.61583]},"properties":{"id":14003100301,"direction":274,"operator":"Lowe's"}},{"type":"Feature","geometry":{"type":"Point","coordinates":[-111.986485,40.610866]},"properties":{"id":14003114801,"direction":160,"operator":null}},{"type":"Feature","geometry":{"type":"Point","coordinates":[-111.959478,40.653205]},"properties":{"id":14015207501,"direction":261,"operator":null}},{"type":"Feature","geometry":{"type":"Point","coordinates":[-112.02456,40.652943]},"properties":{"id":14015231201,"direction":56,"operator":null}},{"type":"Feature","geometry":{"type":"Point","coordinates":[-111.715414,40.275149]},"properties":{"id":14015656301,"direction":57,"operator":null}},{"type":"Feature","geometry":{"type":"Point","coordinates":[-111.872036,40.601173]},"properties":{"id":14016357713,"direction":345,"operator":null}},{"type":"Feature","geometry":{"type":"Point","coordinates":[-111.876192,40.605953]},"properties":{"id":14016409007,"direction":245,"operator":null}},{"type":"Feature","geometry":{"type":"Point","coordinates":[-111.986247,40.681968]},"properties":{"id":14016503401,"direction":66,"operator":null}},{"type":"Feature","geometry":{"type":"Point","coordinates":[-112.02716,40.587664]},"properties":{"id":14018571701,"direction":72,"operator":null}},{"type":"Feature","geometry":{"type":"Point","coordinates":[-111.994469,41.245605]},"properties":{"id":14018693701,"direction":0,"operator":null}},{"type":"Feature","geometry":{"type":"Point","coordinates":[-111.694132,40.253361]},"properties":{"id":14019889801,"direction":75,"operator":null}},{"type":"Feature","geometry":{"type":"Point","coordinates":[-110.862836,39.693478]},"properties":{"id":14020652301,"direction":0,"operator":null}},{"type":"Feature","geometry":{"type":"Point","coordinates":[-112.277106,40.540842]},"properties":{"id":14021259901,"direction":77,"operator":null}},{"type":"Feature","geometry":{"type":"Point","coordinates":[-112.005354,40.638637]},"properties":{"id":14021382401,"direction":243,"operator":null}},{"type":"Feature","geometry":{"type":"Point","coordinates":[-113.5549,37.101685]},"properties":{"id":14024739402,"direction":345,"operator":null}},{"type":"Feature","geometry":{"type":"Point","coordinates":[-111.893681,40.770525]},"properties":{"id":14024876401,"direction":148,"operator":"The Church of Jesus Christ of Latter Day Saints"}},{"type":"Feature","geometry":{"type":"Point","coordinates":[-112.005606,40.667225]},"properties":{"id":14024949901,"direction":73,"operator":null}},{"type":"Feature","geometry":{"type":"Point","coordinates":[-112.94936,37.803241]},"properties":{"id":14025292101,"direction":0,"operator":null}},{"type":"Feature","geometry":{"type":"Point","coordinates":[-112.669161,37.656217]},"properties":{"id":14027599401,"direction":0,"operator":null}},{"type":"Feature","geometry":{"type":"Point","coordinates":[-111.949157,40.609579]},"properties":{"id":14027625503,"direction":253,"operator":null}},{"type":"Feature","geometry":{"type":"Point","coordinates":[-111.418612,40.500326]},"properties":{"id":14028997901,"direction":216,"operator":null}},{"type":"Feature","geometry":{"type":"Point","coordinates":[-112.009747,40.609158]},"properties":{"id":14029479504,"direction":41,"operator":null}},{"type":"Feature","geometry":{"type":"Point","coordinates":[-112.009748,40.609155]},"properties":{"id":14029483701,"direction":323,"operator":null}},{"type":"Feature","geometry":{"type":"Point","coordinates":[-111.413419,40.506989]},"properties":{"id":14031627801,"direction":348,"operator":null}},{"type":"Feature","geometry":{"type":"Point","coordinates":[-112.375986,37.749521]},"properties":{"id":14038370701,"direction":300,"operator":null}},{"type":"Feature","geometry":{"type":"Point","coordinates":[-112.152084,37.692657]},"properties":{"id":14038374501,"direction":0,"operator":null}},{"type":"Feature","geometry":{"type":"Point","coordinates":[-112.151698,37.692259]},"properties":{"id":14038375801,"direction":94,"operator":null}},{"type":"Feature","geometry":{"type":"Point","coordinates":[-112.03127,40.609352]},"properties":{"id":14038403701,"direction":84,"operator":null}},{"type":"Feature","geometry":{"type":"Point","coordinates":[-111.865437,40.722662]},"properties":{"id":14041906702,"direction":92,"operator":null}},{"type":"Feature","geometry":{"type":"Point","coordinates":[-111.885845,40.751816]},"properties":{"id":14045090101,"direction":178,"operator":null}},{"type":"Feature","geometry":{"type":"Point","coordinates":[-112.026537,40.682755]},"properties":{"id":14047489101,"direction":49,"operator":null}},{"type":"Feature","geometry":{"type":"Point","coordinates":[-112.023039,40.594807]},"properties":{"id":14047629801,"direction":72,"operator":null}},{"type":"Feature","geometry":{"type":"Point","coordinates":[-112.026666,40.683588]},"properties":{"id":14047647101,"direction":93,"operator":null}},{"type":"Feature","geometry":{"type":"Point","coordinates":[-112.026555,40.682369]},"properties":{"id":14047647402,"direction":146,"operator":null}},{"type":"Feature","geometry":{"type":"Point","coordinates":[-112.026666,40.683588]},"properties":{"id":14047647601,"direction":170,"operator":null}},{"type":"Feature","geometry":{"type":"Point","coordinates":[-111.705757,40.004921]},"properties":{"id":14049242601,"direction":329,"operator":null}},{"type":"Feature","geometry":{"type":"Point","coordinates":[-111.976049,41.218169]},"properties":{"id":14049701201,"direction":344,"operator":null}},{"type":"Feature","geometry":{"type":"Point","coordinates":[-112.024901,40.69472]},"properties":{"id":14051996202,"direction":163,"operator":null}},{"type":"Feature","geometry":{"type":"Point","coordinates":[-111.882605,40.749782]},"properties":{"id":14052552903,"direction":0,"operator":null}},{"type":"Feature","geometry":{"type":"Point","coordinates":[-111.876869,40.749845]},"properties":{"id":14052555501,"direction":0,"operator":null}},{"type":"Feature","geometry":{"type":"Point","coordinates":[-111.945285,41.242022]},"properties":{"id":14053099101,"direction":278,"operator":null}},{"type":"Feature","geometry":{"type":"Point","coordinates":[-111.953341,41.244175]},"properties":{"id":14053099102,"direction":259,"operator":null}},{"type":"Feature","geometry":{"type":"Point","coordinates":[-112.101007,40.565514]},"properties":{"id":14053279001,"direction":101,"operator":null}},{"type":"Feature","geometry":{"type":"Point","coordinates":[-112.021331,40.545783]},"properties":{"id":14054915701,"direction":0,"operator":null}},{"type":"Feature","geometry":{"type":"Point","coordinates":[-111.888772,40.525482]},"properties":{"id":14055089301,"direction":188,"operator":null}},{"type":"Feature","geometry":{"type":"Point","coordinates":[-111.891419,40.543202]},"properties":{"id":14056328702,"direction":165,"operator":null}},{"type":"Feature","geometry":{"type":"Point","coordinates":[-111.602769,40.144292]},"properties":{"id":14057077402,"direction":146,"operator":null}},{"type":"Feature","geometry":{"type":"Point","coordinates":[-111.892949,40.891408]},"properties":{"id":14064426201,"direction":12,"operator":"Lowe's"}},{"type":"Feature","geometry":{"type":"Point","coordinates":[-111.893655,40.725324]},"properties":{"id":14064842801,"direction":0,"operator":null}},{"type":"Feature","geometry":{"type":"Point","coordinates":[-112.435247,37.803381]},"properties":{"id":14064889201,"direction":0,"operator":null}},{"type":"Feature","geometry":{"type":"Point","coordinates":[-111.981936,40.658934]},"properties":{"id":14065282401,"direction":153,"operator":null}},{"type":"Feature","geometry":{"type":"Point","coordinates":[-111.88837,40.504187]},"properties":{"id":14067144301,"direction":59,"operator":null}},{"type":"Feature","geometry":{"type":"Point","coordinates":[-111.880079,41.678233]},"properties":{"id":14067223501,"direction":282,"operator":null}},{"type":"Feature","geometry":{"type":"Point","coordinates":[-111.896793,40.620551]},"properties":{"id":14068614001,"direction":78,"operator":null}},{"type":"Feature","geometry":{"type":"Point","coordinates":[-111.629553,40.247684]},"properties":{"id":14068694973,"direction":270,"operator":null}},{"type":"Feature","geometry":{"type":"Point","coordinates":[-111.773517,39.975704]},"properties":{"id":14069293002,"direction":256,"operator":null}},{"type":"Feature","geometry":{"type":"Point","coordinates":[-111.938669,40.682362]},"properties":{"id":14069725001,"direction":324,"operator":null}},{"type":"Feature","geometry":{"type":"Point","coordinates":[-111.938972,40.742624]},"properties":{"id":14070213101,"direction":337,"operator":null}},{"type":"Feature","geometry":{"type":"Point","coordinates":[-111.972283,40.667545]},"properties":{"id":14075073501,"direction":81,"operator":null}},{"type":"Feature","geometry":{"type":"Point","coordinates":[-111.64471,40.261274]},"properties":{"id":14075895401,"direction":106,"operator":null}},{"type":"Feature","geometry":{"type":"Point","coordinates":[-112.082183,40.682131]},"properties":{"id":14080365202,"direction":339,"operator":null}},{"type":"Feature","geometry":{"type":"Point","coordinates":[-111.906486,40.574432]},"properties":{"id":14081225012,"direction":170,"operator":null}},{"type":"Feature","geometry":{"type":"Point","coordinates":[-111.484421,40.718757]},"properties":{"id":14083622797,"direction":195,"operator":null}},{"type":"Feature","geometry":{"type":"Point","coordinates":[-111.483539,40.718449]},"properties":{"id":14083622798,"direction":190,"operator":null}},{"type":"Feature","geometry":{"type":"Point","coordinates":[-111.425639,37.901213]},"properties":{"id":14084756401,"direction":74,"operator":null}},{"type":"Feature","geometry":{"type":"Point","coordinates":[-113.997585,41.379368]},"properties":{"id":14086418701,"direction":331,"operator":null}},{"type":"Feature","geometry":{"type":"Point","coordinates":[-111.740673,40.333652]},"properties":{"id":14090598003,"direction":260,"operator":null}},{"type":"Feature","geometry":{"type":"Point","coordinates":[-111.938913,40.638764]},"properties":{"id":14093600601,"direction":148,"operator":null}},{"type":"Feature","geometry":{"type":"Point","coordinates":[-112.01258,41.183399]},"properties":{"id":14094873901,"direction":243,"operator":null}},{"type":"Feature","geometry":{"type":"Point","coordinates":[-111.810143,40.675074]},"properties":{"id":14094967201,"direction":63,"operator":null}},{"type":"Feature","geometry":{"type":"Point","coordinates":[-113.583601,37.120522]},"properties":{"id":14094979601,"direction":141,"operator":null}},{"type":"Feature","geometry":{"type":"Point","coordinates":[-111.999678,40.638449]},"properties":{"id":14095030602,"direction":290,"operator":null}},{"type":"Feature","geometry":{"type":"Point","coordinates":[-112.023882,40.539736]},"properties":{"id":14097434401,"direction":346,"operator":null}},{"type":"Feature","geometry":{"type":"Point","coordinates":[-111.932439,40.587604]},"properties":{"id":14098036151,"direction":75,"operator":"West Jordan Police Department"}},{"type":"Feature","geometry":{"type":"Point","coordinates":[-111.915152,40.587906]},"properties":{"id":14098057415,"direction":255,"operator":"West Jordan Police Department"}},{"type":"Feature","geometry":{"type":"Point","coordinates":[-111.957919,40.638517]},"properties":{"id":14099502902,"direction":48,"operator":null}},{"type":"Feature","geometry":{"type":"Point","coordinates":[-111.967286,40.63853]},"properties":{"id":14099505101,"direction":291,"operator":null}},{"type":"Feature","geometry":{"type":"Point","coordinates":[-112.02444,40.638506]},"properties":{"id":14099514401,"direction":337,"operator":null}},{"type":"Feature","geometry":{"type":"Point","coordinates":[-112.046463,40.638695]},"properties":{"id":14099515302,"direction":118,"operator":null}},{"type":"Feature","geometry":{"type":"Point","coordinates":[-112.059888,40.639138]},"properties":{"id":14099520801,"direction":0,"operator":null}},{"type":"Feature","geometry":{"type":"Point","coordinates":[-112.025072,40.696635]},"properties":{"id":14100160901,"direction":122,"operator":null}},{"type":"Feature","geometry":{"type":"Point","coordinates":[-112.024968,40.701331]},"properties":{"id":14100161401,"direction":99,"operator":null}},{"type":"Feature","geometry":{"type":"Point","coordinates":[-111.75036,40.363879]},"properties":{"id":14101878801,"direction":79,"operator":null}},{"type":"Feature","geometry":{"type":"Point","coordinates":[-111.977084,40.638564]},"properties":{"id":14105499102,"direction":268,"operator":null}},{"type":"Feature","geometry":{"type":"Point","coordinates":[-111.938706,40.643221]},"properties":{"id":14105530001,"direction":202,"operator":null}},{"type":"Feature","geometry":{"type":"Point","coordinates":[-111.892448,40.892461]},"properties":{"id":14106639401,"direction":295,"operator":null}},{"type":"Feature","geometry":{"type":"Point","coordinates":[-111.903308,40.992865]},"properties":{"id":14108959201,"direction":357,"operator":null}},{"type":"Feature","geometry":{"type":"Point","coordinates":[-112.02495,40.718168]},"properties":{"id":14110347301,"direction":166,"operator":null}},{"type":"Feature","geometry":{"type":"Point","coordinates":[-113.616545,37.123626]},"properties":{"id":14111249601,"direction":0,"operator":"The Home Depot"}},{"type":"Feature","geometry":{"type":"Point","coordinates":[-111.914408,40.621683]},"properties":{"id":14111319701,"direction":282,"operator":null}},{"type":"Feature","geometry":{"type":"Point","coordinates":[-111.910388,40.621071]},"properties":{"id":14111319702,"direction":128,"operator":null}},{"type":"Feature","geometry":{"type":"Point","coordinates":[-111.882549,40.920572]},"properties":{"id":14120393001,"direction":359,"operator":"Simon Property Group"}},{"type":"Feature","geometry":{"type":"Point","coordinates":[-111.761097,40.343016]},"properties":{"id":14121185501,"direction":109,"operator":null}},{"type":"Feature","geometry":{"type":"Point","coordinates":[-113.583489,37.107706]},"properties":{"id":14122757001,"direction":161,"operator":null}},{"type":"Feature","geometry":{"type":"Point","coordinates":[-112.052476,40.573221]},"properties":{"id":14123309301,"direction":71,"operator":null}},{"type":"Feature","geometry":{"type":"Point","coordinates":[-111.48253,40.716126]},"properties":{"id":14123646201,"direction":277,"operator":null}},{"type":"Feature","geometry":{"type":"Point","coordinates":[-112.021229,40.703798]},"properties":{"id":14123696201,"direction":56,"operator":null}},{"type":"Feature","geometry":{"type":"Point","coordinates":[-111.981282,40.654479]},"properties":{"id":14129019301,"direction":193,"operator":null}},{"type":"Feature","geometry":{"type":"Point","coordinates":[-112.035614,40.653172]},"properties":{"id":14129030402,"direction":106,"operator":null}},{"type":"Feature","geometry":{"type":"Point","coordinates":[-111.672711,40.739093]},"properties":{"id":14129518347,"direction":306,"operator":null}},{"type":"Feature","geometry":{"type":"Point","coordinates":[-111.457011,40.653321]},"properties":{"id":14129518348,"direction":141,"operator":null}},{"type":"Feature","geometry":{"type":"Point","coordinates":[-111.456441,40.653464]},"properties":{"id":14129518349,"direction":326,"operator":null}},{"type":"Feature","geometry":{"type":"Point","coordinates":[-111.888324,40.649276]},"properties":{"id":14129857201,"direction":81,"operator":null}},{"type":"Feature","geometry":{"type":"Point","coordinates":[-112.025289,40.774147]},"properties":{"id":14131050802,"direction":90,"operator":null}},{"type":"Feature","geometry":{"type":"Point","coordinates":[-112.413422,37.964434]},"properties":{"id":14131339501,"direction":51,"operator":null}},{"type":"Feature","geometry":{"type":"Point","coordinates":[-111.893794,40.891624]},"properties":{"id":14135938601,"direction":333,"operator":null}},{"type":"Feature","geometry":{"type":"Point","coordinates":[-111.704296,40.046759]},"properties":{"id":14138694101,"direction":226,"operator":null}},{"type":"Feature","geometry":{"type":"Point","coordinates":[-112.009409,41.248204]},"properties":{"id":14145194401,"direction":337,"operator":null}},{"type":"Feature","geometry":{"type":"Point","coordinates":[-111.983684,41.172644]},"properties":{"id":14145412501,"direction":178,"operator":null}},{"type":"Feature","geometry":{"type":"Point","coordinates":[-112.100796,40.565122]},"properties":{"id":14146010201,"direction":29,"operator":null}},{"type":"Feature","geometry":{"type":"Point","coordinates":[-112.026545,40.684189]},"properties":{"id":14152518202,"direction":237,"operator":"Lowe's"}},{"type":"Feature","geometry":{"type":"Point","coordinates":[-111.982338,40.620321]},"properties":{"id":14152555302,"direction":345,"operator":null}},{"type":"Feature","geometry":{"type":"Point","coordinates":[-109.521397,40.455704]},"properties":{"id":14153791501,"direction":56,"operator":null}},{"type":"Feature","geometry":{"type":"Point","coordinates":[-111.865844,40.631729]},"properties":{"id":14155705315,"direction":0,"operator":null}},{"type":"Feature","geometry":{"type":"Point","coordinates":[-113.566404,37.109827]},"properties":{"id":14156193401,"direction":94,"operator":null}},{"type":"Feature","geometry":{"type":"Point","coordinates":[-111.902326,40.611331]},"properties":{"id":14165271001,"direction":0,"operator":null}},{"type":"Feature","geometry":{"type":"Point","coordinates":[-109.763553,40.411417]},"properties":{"id":14176095401,"direction":221,"operator":null}},{"type":"Feature","geometry":{"type":"Point","coordinates":[-112.042233,41.074757]},"properties":{"id":14179810501,"direction":277,"operator":null}},{"type":"Feature","geometry":{"type":"Point","coordinates":[-111.420818,40.488027]},"properties":{"id":14184017501,"direction":22,"operator":null}},{"type":"Feature","geometry":{"type":"Point","coordinates":[-111.70158,40.361824]},"properties":{"id":14190884701,"direction":108,"operator":null}},{"type":"Feature","geometry":{"type":"Point","coordinates":[-111.70235,40.362529]},"properties":{"id":14190886101,"direction":299,"operator":null}},{"type":"Feature","geometry":{"type":"Point","coordinates":[-111.700804,40.363067]},"properties":{"id":14193414602,"direction":164,"operator":null}},{"type":"Feature","geometry":{"type":"Point","coordinates":[-111.971155,41.203902]},"properties":{"id":14197563202,"direction":359,"operator":null}},{"type":"Feature","geometry":{"type":"Point","coordinates":[-111.969385,41.213945]},"properties":{"id":14197563601,"direction":359,"operator":null}},{"type":"Feature","geometry":{"type":"Point","coordinates":[-111.701587,40.361831]},"properties":{"id":14204796401,"direction":297,"operator":null}},{"type":"Feature","geometry":{"type":"Point","coordinates":[-111.658507,40.290939]},"properties":{"id":14205373401,"direction":148,"operator":null}},{"type":"Feature","geometry":{"type":"Point","coordinates":[-111.64268,40.123732]},"properties":{"id":14209839801,"direction":13,"operator":null}},{"type":"Feature","geometry":{"type":"Point","coordinates":[-111.642988,40.123877]},"properties":{"id":14209840401,"direction":189,"operator":null}},{"type":"Feature","geometry":{"type":"Point","coordinates":[-111.64486,40.122802]},"properties":{"id":14209840701,"direction":233,"operator":null}},{"type":"Feature","geometry":{"type":"Point","coordinates":[-111.654932,40.122528]},"properties":{"id":14209844903,"direction":147,"operator":null}},{"type":"Feature","geometry":{"type":"Point","coordinates":[-111.6537,40.12283]},"properties":{"id":14209846101,"direction":60,"operator":null}},{"type":"Feature","geometry":{"type":"Point","coordinates":[-111.654557,40.129419]},"properties":{"id":14209846701,"direction":327,"operator":null}},{"type":"Feature","geometry":{"type":"Point","coordinates":[-111.597432,40.115528]},"properties":{"id":14209856101,"direction":59,"operator":null}},{"type":"Feature","geometry":{"type":"Point","coordinates":[-111.676848,40.233662]},"properties":{"id":14209887201,"direction":50,"operator":null}},{"type":"Feature","geometry":{"type":"Point","coordinates":[-111.662355,40.213198]},"properties":{"id":14209893401,"direction":214,"operator":"The Home Depot"}},{"type":"Feature","geometry":{"type":"Point","coordinates":[-112.014621,40.535279]},"properties":{"id":14220323901,"direction":338,"operator":null}},{"type":"Feature","geometry":{"type":"Point","coordinates":[-112.022458,40.543168]},"properties":{"id":14220326201,"direction":131,"operator":null}},{"type":"Feature","geometry":{"type":"Point","coordinates":[-112.023566,40.544569]},"properties":{"id":14220327401,"direction":0,"operator":null}},{"type":"Feature","geometry":{"type":"Point","coordinates":[-112.033375,40.567266]},"properties":{"id":14220327402,"direction":47,"operator":null}},{"type":"Feature","geometry":{"type":"Point","coordinates":[-112.02874,40.551554]},"properties":{"id":14220327901,"direction":329,"operator":null}},{"type":"Feature","geometry":{"type":"Point","coordinates":[-112.061628,40.575725]},"properties":{"id":14220333201,"direction":25,"operator":null}},{"type":"Feature","geometry":{"type":"Point","coordinates":[-112.055459,40.609466]},"properties":{"id":14220336301,"direction":0,"operator":null}},{"type":"Feature","geometry":{"type":"Point","coordinates":[-111.931609,40.644813]},"properties":{"id":14227465101,"direction":120,"operator":null}},{"type":"Feature","geometry":{"type":"Point","coordinates":[-111.547458,40.654559]},"properties":{"id":14227979901,"direction":328,"operator":null}},{"type":"Feature","geometry":{"type":"Point","coordinates":[-113.086017,37.681404]},"properties":{"id":14232868101,"direction":0,"operator":null}},{"type":"Feature","geometry":{"type":"Point","coordinates":[-112.03431,40.587555]},"properties":{"id":14236739201,"direction":1,"operator":null}},{"type":"Feature","geometry":{"type":"Point","coordinates":[-111.98113,40.696832]},"properties":{"id":14244119167,"direction":240,"operator":null}},{"type":"Feature","geometry":{"type":"Point","coordinates":[-113.631609,37.125002]},"properties":{"id":14244644301,"direction":275,"operator":null}},{"type":"Feature","geometry":{"type":"Point","coordinates":[-112.062084,40.60946]},"properties":{"id":14247121101,"direction":0,"operator":null}},{"type":"Feature","geometry":{"type":"Point","coordinates":[-112.062084,40.60946]},"properties":{"id":14247130101,"direction":0,"operator":null}},{"type":"Feature","geometry":{"type":"Point","coordinates":[-111.897415,40.482543]},"properties":{"id":14252187502,"direction":92,"operator":null}},{"type":"Feature","geometry":{"type":"Point","coordinates":[-111.61085,40.183039]},"properties":{"id":14252192201,"direction":149,"operator":null}},{"type":"Feature","geometry":{"type":"Point","coordinates":[-111.937321,40.404537]},"properties":{"id":14252202102,"direction":345,"operator":null}},{"type":"Feature","geometry":{"type":"Point","coordinates":[-111.939333,40.404825]},"properties":{"id":14252215901,"direction":164,"operator":null}},{"type":"Feature","geometry":{"type":"Point","coordinates":[-111.658046,40.282759]},"properties":{"id":14253591701,"direction":49,"operator":null}},{"type":"Feature","geometry":{"type":"Point","coordinates":[-111.657992,40.282755]},"properties":{"id":14253593201,"direction":52,"operator":null}},{"type":"Feature","geometry":{"type":"Point","coordinates":[-111.986425,40.670363]},"properties":{"id":14255882601,"direction":139,"operator":"Simon Property Group"}},{"type":"Feature","geometry":{"type":"Point","coordinates":[-111.871271,38.956467]},"properties":{"id":14256513301,"direction":44,"operator":null}},{"type":"Feature","geometry":{"type":"Point","coordinates":[-111.920053,40.524404]},"properties":{"id":14256744001,"direction":26,"operator":null}},{"type":"Feature","geometry":{"type":"Point","coordinates":[-111.64358,40.161204]},"properties":{"id":14256766101,"direction":54,"operator":null}},{"type":"Feature","geometry":{"type":"Point","coordinates":[-111.610496,40.158625]},"properties":{"id":14256766102,"direction":319,"operator":null}},{"type":"Feature","geometry":{"type":"Point","coordinates":[-111.88408,40.862457]},"properties":{"id":14261385201,"direction":359,"operator":null}},{"type":"Feature","geometry":{"type":"Point","coordinates":[-111.875986,40.867138]},"properties":{"id":14261385202,"direction":359,"operator":null}},{"type":"Feature","geometry":{"type":"Point","coordinates":[-111.875986,40.867138]},"properties":{"id":14261406901,"direction":0,"operator":null}},{"type":"Feature","geometry":{"type":"Point","coordinates":[-111.875986,40.867138]},"properties":{"id":14261422401,"direction":0,"operator":null}},{"type":"Feature","geometry":{"type":"Point","coordinates":[-112.037898,40.594931]},"properties":{"id":14262206401,"direction":0,"operator":null}}]}